SET IDENTITY_INSERT region ON;
insert into region (REGIONID, REGIONNAME, REGIONTYPE, PARENTID)
values (1, '北京', 2, 0);

insert into region (REGIONID, REGIONNAME, REGIONTYPE, PARENTID)
values (2, '上海', 2, 0);

insert into region (REGIONID, REGIONNAME, REGIONTYPE, PARENTID)
values (3, '天津', 2, 0);

insert into region (REGIONID, REGIONNAME, REGIONTYPE, PARENTID)
values (4, '重庆', 2, 0);

insert into region (REGIONID, REGIONNAME, REGIONTYPE, PARENTID)
values (5, '河北', 1, 0);

insert into region (REGIONID, REGIONNAME, REGIONTYPE, PARENTID)
values (6, '山西', 1, 0);

insert into region (REGIONID, REGIONNAME, REGIONTYPE, PARENTID)
values (7, '内蒙古', 1, 0);

insert into region (REGIONID, REGIONNAME, REGIONTYPE, PARENTID)
values (8, '辽宁', 1, 0);

insert into region (REGIONID, REGIONNAME, REGIONTYPE, PARENTID)
values (9, '吉林', 1, 0);

insert into region (REGIONID, REGIONNAME, REGIONTYPE, PARENTID)
values (10, '黑龙江', 1, 0);

insert into region (REGIONID, REGIONNAME, REGIONTYPE, PARENTID)
values (11, '江苏', 1, 0);

insert into region (REGIONID, REGIONNAME, REGIONTYPE, PARENTID)
values (12, '浙江', 1, 0);

insert into region (REGIONID, REGIONNAME, REGIONTYPE, PARENTID)
values (13, '安徽', 1, 0);

insert into region (REGIONID, REGIONNAME, REGIONTYPE, PARENTID)
values (14, '福建', 1, 0);

insert into region (REGIONID, REGIONNAME, REGIONTYPE, PARENTID)
values (15, '江西', 1, 0);

insert into region (REGIONID, REGIONNAME, REGIONTYPE, PARENTID)
values (16, '山东', 1, 0);

insert into region (REGIONID, REGIONNAME, REGIONTYPE, PARENTID)
values (17, '河南', 1, 0);

insert into region (REGIONID, REGIONNAME, REGIONTYPE, PARENTID)
values (18, '湖北', 1, 0);

insert into region (REGIONID, REGIONNAME, REGIONTYPE, PARENTID)
values (19, '湖南', 1, 0);

insert into region (REGIONID, REGIONNAME, REGIONTYPE, PARENTID)
values (20, '广东', 1, 0);

insert into region (REGIONID, REGIONNAME, REGIONTYPE, PARENTID)
values (21, '广西', 1, 0);

insert into region (REGIONID, REGIONNAME, REGIONTYPE, PARENTID)
values (22, '海南', 1, 0);

insert into region (REGIONID, REGIONNAME, REGIONTYPE, PARENTID)
values (23, '四川', 1, 0);

insert into region (REGIONID, REGIONNAME, REGIONTYPE, PARENTID)
values (24, '贵州', 1, 0);

insert into region (REGIONID, REGIONNAME, REGIONTYPE, PARENTID)
values (25, '云南', 1, 0);

insert into region (REGIONID, REGIONNAME, REGIONTYPE, PARENTID)
values (26, '西藏', 1, 0);

insert into region (REGIONID, REGIONNAME, REGIONTYPE, PARENTID)
values (27, '陕西', 1, 0);

insert into region (REGIONID, REGIONNAME, REGIONTYPE, PARENTID)
values (28, '甘肃', 1, 0);

insert into region (REGIONID, REGIONNAME, REGIONTYPE, PARENTID)
values (29, '青海', 1, 0);

insert into region (REGIONID, REGIONNAME, REGIONTYPE, PARENTID)
values (30, '宁夏', 1, 0);

insert into region (REGIONID, REGIONNAME, REGIONTYPE, PARENTID)
values (31, '新疆', 1, 0);

insert into region (REGIONID, REGIONNAME, REGIONTYPE, PARENTID)
values (32, '台湾', 1, 0);

insert into region (REGIONID, REGIONNAME, REGIONTYPE, PARENTID)
values (33, '港澳', 1, 0);

insert into region (REGIONID, REGIONNAME, REGIONTYPE, PARENTID)
values (34, '石家庄', 2, 5);

insert into region (REGIONID, REGIONNAME, REGIONTYPE, PARENTID)
values (35, '唐山', 2, 5);

insert into region (REGIONID, REGIONNAME, REGIONTYPE, PARENTID)
values (36, '秦皇岛', 2, 5);

insert into region (REGIONID, REGIONNAME, REGIONTYPE, PARENTID)
values (37, '邯郸', 2, 5);

insert into region (REGIONID, REGIONNAME, REGIONTYPE, PARENTID)
values (38, '邢台', 2, 5);

insert into region (REGIONID, REGIONNAME, REGIONTYPE, PARENTID)
values (39, '保定', 2, 5);

insert into region (REGIONID, REGIONNAME, REGIONTYPE, PARENTID)
values (40, '张家口', 2, 5);

insert into region (REGIONID, REGIONNAME, REGIONTYPE, PARENTID)
values (41, '承德', 2, 5);

insert into region (REGIONID, REGIONNAME, REGIONTYPE, PARENTID)
values (42, '沧州', 2, 5);

insert into region (REGIONID, REGIONNAME, REGIONTYPE, PARENTID)
values (43, '廊坊', 2, 5);

insert into region (REGIONID, REGIONNAME, REGIONTYPE, PARENTID)
values (44, '衡水', 2, 5);

insert into region (REGIONID, REGIONNAME, REGIONTYPE, PARENTID)
values (45, '太原', 2, 6);

insert into region (REGIONID, REGIONNAME, REGIONTYPE, PARENTID)
values (46, '大同', 2, 6);

insert into region (REGIONID, REGIONNAME, REGIONTYPE, PARENTID)
values (47, '阳泉', 2, 6);

insert into region (REGIONID, REGIONNAME, REGIONTYPE, PARENTID)
values (48, '长治', 2, 6);

insert into region (REGIONID, REGIONNAME, REGIONTYPE, PARENTID)
values (49, '晋城', 2, 6);

insert into region (REGIONID, REGIONNAME, REGIONTYPE, PARENTID)
values (50, '朔州', 2, 6);

insert into region (REGIONID, REGIONNAME, REGIONTYPE, PARENTID)
values (51, '晋中', 2, 6);

insert into region (REGIONID, REGIONNAME, REGIONTYPE, PARENTID)
values (52, '运城', 2, 6);

insert into region (REGIONID, REGIONNAME, REGIONTYPE, PARENTID)
values (53, '忻州', 2, 6);

insert into region (REGIONID, REGIONNAME, REGIONTYPE, PARENTID)
values (54, '临汾', 2, 6);

insert into region (REGIONID, REGIONNAME, REGIONTYPE, PARENTID)
values (55, '吕梁', 2, 6);

insert into region (REGIONID, REGIONNAME, REGIONTYPE, PARENTID)
values (56, '呼和浩特', 2, 7);

insert into region (REGIONID, REGIONNAME, REGIONTYPE, PARENTID)
values (57, '包头', 2, 7);

insert into region (REGIONID, REGIONNAME, REGIONTYPE, PARENTID)
values (58, '乌海', 2, 7);

insert into region (REGIONID, REGIONNAME, REGIONTYPE, PARENTID)
values (59, '赤峰', 2, 7);

insert into region (REGIONID, REGIONNAME, REGIONTYPE, PARENTID)
values (60, '通辽', 2, 7);

insert into region (REGIONID, REGIONNAME, REGIONTYPE, PARENTID)
values (61, '鄂尔多斯', 2, 7);

insert into region (REGIONID, REGIONNAME, REGIONTYPE, PARENTID)
values (62, '呼伦贝尔', 2, 7);

insert into region (REGIONID, REGIONNAME, REGIONTYPE, PARENTID)
values (63, '巴彦淖尔', 2, 7);

insert into region (REGIONID, REGIONNAME, REGIONTYPE, PARENTID)
values (64, '乌兰察布', 2, 7);

insert into region (REGIONID, REGIONNAME, REGIONTYPE, PARENTID)
values (65, '兴安', 2, 7);

insert into region (REGIONID, REGIONNAME, REGIONTYPE, PARENTID)
values (66, '锡林郭勒', 2, 7);

insert into region (REGIONID, REGIONNAME, REGIONTYPE, PARENTID)
values (67, '阿拉善', 2, 7);

insert into region (REGIONID, REGIONNAME, REGIONTYPE, PARENTID)
values (68, '沈阳', 2, 8);

insert into region (REGIONID, REGIONNAME, REGIONTYPE, PARENTID)
values (69, '大连', 2, 8);

insert into region (REGIONID, REGIONNAME, REGIONTYPE, PARENTID)
values (70, '鞍山', 2, 8);

insert into region (REGIONID, REGIONNAME, REGIONTYPE, PARENTID)
values (71, '抚顺', 2, 8);

insert into region (REGIONID, REGIONNAME, REGIONTYPE, PARENTID)
values (72, '本溪', 2, 8);

insert into region (REGIONID, REGIONNAME, REGIONTYPE, PARENTID)
values (73, '丹东', 2, 8);

insert into region (REGIONID, REGIONNAME, REGIONTYPE, PARENTID)
values (74, '锦州', 2, 8);

insert into region (REGIONID, REGIONNAME, REGIONTYPE, PARENTID)
values (75, '营口', 2, 8);

insert into region (REGIONID, REGIONNAME, REGIONTYPE, PARENTID)
values (76, '阜新', 2, 8);

insert into region (REGIONID, REGIONNAME, REGIONTYPE, PARENTID)
values (77, '辽阳', 2, 8);

insert into region (REGIONID, REGIONNAME, REGIONTYPE, PARENTID)
values (78, '盘锦', 2, 8);

insert into region (REGIONID, REGIONNAME, REGIONTYPE, PARENTID)
values (79, '铁岭', 2, 8);

insert into region (REGIONID, REGIONNAME, REGIONTYPE, PARENTID)
values (80, '朝阳', 2, 8);

insert into region (REGIONID, REGIONNAME, REGIONTYPE, PARENTID)
values (81, '葫芦岛', 2, 8);

insert into region (REGIONID, REGIONNAME, REGIONTYPE, PARENTID)
values (82, '长春', 2, 9);

insert into region (REGIONID, REGIONNAME, REGIONTYPE, PARENTID)
values (83, '吉林', 2, 9);

insert into region (REGIONID, REGIONNAME, REGIONTYPE, PARENTID)
values (84, '四平', 2, 9);

insert into region (REGIONID, REGIONNAME, REGIONTYPE, PARENTID)
values (85, '辽源', 2, 9);

insert into region (REGIONID, REGIONNAME, REGIONTYPE, PARENTID)
values (86, '通化', 2, 9);

insert into region (REGIONID, REGIONNAME, REGIONTYPE, PARENTID)
values (87, '白山', 2, 9);

insert into region (REGIONID, REGIONNAME, REGIONTYPE, PARENTID)
values (88, '松原', 2, 9);

insert into region (REGIONID, REGIONNAME, REGIONTYPE, PARENTID)
values (89, '白城', 2, 9);

insert into region (REGIONID, REGIONNAME, REGIONTYPE, PARENTID)
values (90, '延边', 2, 9);

insert into region (REGIONID, REGIONNAME, REGIONTYPE, PARENTID)
values (91, '哈尔滨', 2, 10);

insert into region (REGIONID, REGIONNAME, REGIONTYPE, PARENTID)
values (92, '齐齐哈尔', 2, 10);

insert into region (REGIONID, REGIONNAME, REGIONTYPE, PARENTID)
values (93, '鸡西', 2, 10);

insert into region (REGIONID, REGIONNAME, REGIONTYPE, PARENTID)
values (94, '鹤岗', 2, 10);

insert into region (REGIONID, REGIONNAME, REGIONTYPE, PARENTID)
values (95, '双鸭山', 2, 10);

insert into region (REGIONID, REGIONNAME, REGIONTYPE, PARENTID)
values (96, '大庆', 2, 10);

insert into region (REGIONID, REGIONNAME, REGIONTYPE, PARENTID)
values (97, '伊春', 2, 10);

insert into region (REGIONID, REGIONNAME, REGIONTYPE, PARENTID)
values (98, '佳木斯', 2, 10);

insert into region (REGIONID, REGIONNAME, REGIONTYPE, PARENTID)
values (99, '七台河', 2, 10);

insert into region (REGIONID, REGIONNAME, REGIONTYPE, PARENTID)
values (100, '牡丹江', 2, 10);

insert into region (REGIONID, REGIONNAME, REGIONTYPE, PARENTID)
values (101, '黑河', 2, 10);

insert into region (REGIONID, REGIONNAME, REGIONTYPE, PARENTID)
values (102, '绥化', 2, 10);

insert into region (REGIONID, REGIONNAME, REGIONTYPE, PARENTID)
values (103, '大兴安岭', 2, 10);

insert into region (REGIONID, REGIONNAME, REGIONTYPE, PARENTID)
values (104, '南京', 2, 11);

insert into region (REGIONID, REGIONNAME, REGIONTYPE, PARENTID)
values (105, '无锡', 2, 11);

insert into region (REGIONID, REGIONNAME, REGIONTYPE, PARENTID)
values (106, '徐州', 2, 11);

insert into region (REGIONID, REGIONNAME, REGIONTYPE, PARENTID)
values (107, '常州', 2, 11);

insert into region (REGIONID, REGIONNAME, REGIONTYPE, PARENTID)
values (108, '苏州', 2, 11);

insert into region (REGIONID, REGIONNAME, REGIONTYPE, PARENTID)
values (109, '南通', 2, 11);

insert into region (REGIONID, REGIONNAME, REGIONTYPE, PARENTID)
values (110, '连云港', 2, 11);

insert into region (REGIONID, REGIONNAME, REGIONTYPE, PARENTID)
values (111, '淮安', 2, 11);

insert into region (REGIONID, REGIONNAME, REGIONTYPE, PARENTID)
values (112, '盐城', 2, 11);

insert into region (REGIONID, REGIONNAME, REGIONTYPE, PARENTID)
values (113, '扬州', 2, 11);

insert into region (REGIONID, REGIONNAME, REGIONTYPE, PARENTID)
values (114, '镇江', 2, 11);

insert into region (REGIONID, REGIONNAME, REGIONTYPE, PARENTID)
values (115, '泰州', 2, 11);

insert into region (REGIONID, REGIONNAME, REGIONTYPE, PARENTID)
values (116, '宿迁', 2, 11);

insert into region (REGIONID, REGIONNAME, REGIONTYPE, PARENTID)
values (117, '杭州', 2, 12);

insert into region (REGIONID, REGIONNAME, REGIONTYPE, PARENTID)
values (118, '宁波', 2, 12);

insert into region (REGIONID, REGIONNAME, REGIONTYPE, PARENTID)
values (119, '温州', 2, 12);

insert into region (REGIONID, REGIONNAME, REGIONTYPE, PARENTID)
values (120, '嘉兴', 2, 12);

insert into region (REGIONID, REGIONNAME, REGIONTYPE, PARENTID)
values (121, '湖州', 2, 12);

insert into region (REGIONID, REGIONNAME, REGIONTYPE, PARENTID)
values (122, '绍兴', 2, 12);

insert into region (REGIONID, REGIONNAME, REGIONTYPE, PARENTID)
values (123, '金华', 2, 12);

insert into region (REGIONID, REGIONNAME, REGIONTYPE, PARENTID)
values (124, '衢州', 2, 12);

insert into region (REGIONID, REGIONNAME, REGIONTYPE, PARENTID)
values (125, '舟山', 2, 12);

insert into region (REGIONID, REGIONNAME, REGIONTYPE, PARENTID)
values (126, '台州', 2, 12);

insert into region (REGIONID, REGIONNAME, REGIONTYPE, PARENTID)
values (127, '丽水', 2, 12);

insert into region (REGIONID, REGIONNAME, REGIONTYPE, PARENTID)
values (128, '合肥', 2, 13);

insert into region (REGIONID, REGIONNAME, REGIONTYPE, PARENTID)
values (129, '芜湖', 2, 13);

insert into region (REGIONID, REGIONNAME, REGIONTYPE, PARENTID)
values (130, '蚌埠', 2, 13);

insert into region (REGIONID, REGIONNAME, REGIONTYPE, PARENTID)
values (131, '淮南', 2, 13);

insert into region (REGIONID, REGIONNAME, REGIONTYPE, PARENTID)
values (132, '马鞍山', 2, 13);

insert into region (REGIONID, REGIONNAME, REGIONTYPE, PARENTID)
values (133, '淮北', 2, 13);

insert into region (REGIONID, REGIONNAME, REGIONTYPE, PARENTID)
values (134, '铜陵', 2, 13);

insert into region (REGIONID, REGIONNAME, REGIONTYPE, PARENTID)
values (135, '安庆', 2, 13);

insert into region (REGIONID, REGIONNAME, REGIONTYPE, PARENTID)
values (136, '黄山', 2, 13);

insert into region (REGIONID, REGIONNAME, REGIONTYPE, PARENTID)
values (137, '滁州', 2, 13);

insert into region (REGIONID, REGIONNAME, REGIONTYPE, PARENTID)
values (138, '阜阳', 2, 13);

insert into region (REGIONID, REGIONNAME, REGIONTYPE, PARENTID)
values (139, '宿州', 2, 13);

insert into region (REGIONID, REGIONNAME, REGIONTYPE, PARENTID)
values (140, '巢湖', 2, 13);

insert into region (REGIONID, REGIONNAME, REGIONTYPE, PARENTID)
values (141, '六安', 2, 13);

insert into region (REGIONID, REGIONNAME, REGIONTYPE, PARENTID)
values (142, '亳州', 2, 13);

insert into region (REGIONID, REGIONNAME, REGIONTYPE, PARENTID)
values (143, '池州', 2, 13);

insert into region (REGIONID, REGIONNAME, REGIONTYPE, PARENTID)
values (144, '宣城', 2, 13);

insert into region (REGIONID, REGIONNAME, REGIONTYPE, PARENTID)
values (145, '福州', 2, 14);

insert into region (REGIONID, REGIONNAME, REGIONTYPE, PARENTID)
values (146, '厦门', 2, 14);

insert into region (REGIONID, REGIONNAME, REGIONTYPE, PARENTID)
values (147, '莆田', 2, 14);

insert into region (REGIONID, REGIONNAME, REGIONTYPE, PARENTID)
values (148, '三明', 2, 14);

insert into region (REGIONID, REGIONNAME, REGIONTYPE, PARENTID)
values (149, '泉州', 2, 14);

insert into region (REGIONID, REGIONNAME, REGIONTYPE, PARENTID)
values (150, '漳州', 2, 14);

insert into region (REGIONID, REGIONNAME, REGIONTYPE, PARENTID)
values (151, '南平', 2, 14);

insert into region (REGIONID, REGIONNAME, REGIONTYPE, PARENTID)
values (152, '龙岩', 2, 14);

insert into region (REGIONID, REGIONNAME, REGIONTYPE, PARENTID)
values (153, '宁德', 2, 14);

insert into region (REGIONID, REGIONNAME, REGIONTYPE, PARENTID)
values (154, '南昌', 2, 15);

insert into region (REGIONID, REGIONNAME, REGIONTYPE, PARENTID)
values (155, '景德镇', 2, 15);

insert into region (REGIONID, REGIONNAME, REGIONTYPE, PARENTID)
values (156, '萍乡', 2, 15);

insert into region (REGIONID, REGIONNAME, REGIONTYPE, PARENTID)
values (157, '九江', 2, 15);

insert into region (REGIONID, REGIONNAME, REGIONTYPE, PARENTID)
values (158, '新余', 2, 15);

insert into region (REGIONID, REGIONNAME, REGIONTYPE, PARENTID)
values (159, '鹰潭', 2, 15);

insert into region (REGIONID, REGIONNAME, REGIONTYPE, PARENTID)
values (160, '赣州', 2, 15);

insert into region (REGIONID, REGIONNAME, REGIONTYPE, PARENTID)
values (161, '吉安', 2, 15);

insert into region (REGIONID, REGIONNAME, REGIONTYPE, PARENTID)
values (162, '宜春', 2, 15);

insert into region (REGIONID, REGIONNAME, REGIONTYPE, PARENTID)
values (163, '抚州', 2, 15);

insert into region (REGIONID, REGIONNAME, REGIONTYPE, PARENTID)
values (164, '上饶', 2, 15);

insert into region (REGIONID, REGIONNAME, REGIONTYPE, PARENTID)
values (165, '济南', 2, 16);

insert into region (REGIONID, REGIONNAME, REGIONTYPE, PARENTID)
values (166, '青岛', 2, 16);

insert into region (REGIONID, REGIONNAME, REGIONTYPE, PARENTID)
values (167, '淄博', 2, 16);

insert into region (REGIONID, REGIONNAME, REGIONTYPE, PARENTID)
values (168, '枣庄', 2, 16);

insert into region (REGIONID, REGIONNAME, REGIONTYPE, PARENTID)
values (169, '东营', 2, 16);

insert into region (REGIONID, REGIONNAME, REGIONTYPE, PARENTID)
values (170, '烟台', 2, 16);

insert into region (REGIONID, REGIONNAME, REGIONTYPE, PARENTID)
values (171, '潍坊', 2, 16);

insert into region (REGIONID, REGIONNAME, REGIONTYPE, PARENTID)
values (172, '济宁', 2, 16);

insert into region (REGIONID, REGIONNAME, REGIONTYPE, PARENTID)
values (173, '泰安', 2, 16);

insert into region (REGIONID, REGIONNAME, REGIONTYPE, PARENTID)
values (174, '日照', 2, 16);

insert into region (REGIONID, REGIONNAME, REGIONTYPE, PARENTID)
values (175, '莱芜', 2, 16);

insert into region (REGIONID, REGIONNAME, REGIONTYPE, PARENTID)
values (176, '临沂', 2, 16);

insert into region (REGIONID, REGIONNAME, REGIONTYPE, PARENTID)
values (177, '德州', 2, 16);

insert into region (REGIONID, REGIONNAME, REGIONTYPE, PARENTID)
values (178, '聊城', 2, 16);

insert into region (REGIONID, REGIONNAME, REGIONTYPE, PARENTID)
values (179, '滨州', 2, 16);

insert into region (REGIONID, REGIONNAME, REGIONTYPE, PARENTID)
values (180, '菏泽', 2, 16);

insert into region (REGIONID, REGIONNAME, REGIONTYPE, PARENTID)
values (181, '郑州', 2, 17);

insert into region (REGIONID, REGIONNAME, REGIONTYPE, PARENTID)
values (182, '开封', 2, 17);

insert into region (REGIONID, REGIONNAME, REGIONTYPE, PARENTID)
values (183, '洛阳', 2, 17);

insert into region (REGIONID, REGIONNAME, REGIONTYPE, PARENTID)
values (184, '平顶山', 2, 17);

insert into region (REGIONID, REGIONNAME, REGIONTYPE, PARENTID)
values (185, '焦作', 2, 17);

insert into region (REGIONID, REGIONNAME, REGIONTYPE, PARENTID)
values (186, '鹤壁', 2, 17);

insert into region (REGIONID, REGIONNAME, REGIONTYPE, PARENTID)
values (187, '新乡', 2, 17);

insert into region (REGIONID, REGIONNAME, REGIONTYPE, PARENTID)
values (188, '安阳', 2, 17);

insert into region (REGIONID, REGIONNAME, REGIONTYPE, PARENTID)
values (189, '濮阳', 2, 17);

insert into region (REGIONID, REGIONNAME, REGIONTYPE, PARENTID)
values (190, '许昌', 2, 17);

insert into region (REGIONID, REGIONNAME, REGIONTYPE, PARENTID)
values (191, '渭河', 2, 17);

insert into region (REGIONID, REGIONNAME, REGIONTYPE, PARENTID)
values (192, '三门峡', 2, 17);

insert into region (REGIONID, REGIONNAME, REGIONTYPE, PARENTID)
values (193, '南阳', 2, 17);

insert into region (REGIONID, REGIONNAME, REGIONTYPE, PARENTID)
values (194, '商丘', 2, 17);

insert into region (REGIONID, REGIONNAME, REGIONTYPE, PARENTID)
values (195, '信阳', 2, 17);

insert into region (REGIONID, REGIONNAME, REGIONTYPE, PARENTID)
values (196, '周口', 2, 17);

insert into region (REGIONID, REGIONNAME, REGIONTYPE, PARENTID)
values (197, '驻马店', 2, 17);

insert into region (REGIONID, REGIONNAME, REGIONTYPE, PARENTID)
values (198, '武汉', 2, 18);

insert into region (REGIONID, REGIONNAME, REGIONTYPE, PARENTID)
values (199, '黄石', 2, 18);

insert into region (REGIONID, REGIONNAME, REGIONTYPE, PARENTID)
values (200, '襄樊', 2, 18);

insert into region (REGIONID, REGIONNAME, REGIONTYPE, PARENTID)
values (201, '十堰', 2, 18);

insert into region (REGIONID, REGIONNAME, REGIONTYPE, PARENTID)
values (202, '荆州', 2, 18);

insert into region (REGIONID, REGIONNAME, REGIONTYPE, PARENTID)
values (203, '宜昌', 2, 18);

insert into region (REGIONID, REGIONNAME, REGIONTYPE, PARENTID)
values (204, '荆门', 2, 18);

insert into region (REGIONID, REGIONNAME, REGIONTYPE, PARENTID)
values (205, '鄂州', 2, 18);

insert into region (REGIONID, REGIONNAME, REGIONTYPE, PARENTID)
values (206, '孝感', 2, 18);

insert into region (REGIONID, REGIONNAME, REGIONTYPE, PARENTID)
values (207, '黄冈', 2, 18);

insert into region (REGIONID, REGIONNAME, REGIONTYPE, PARENTID)
values (208, '咸宁', 2, 18);

insert into region (REGIONID, REGIONNAME, REGIONTYPE, PARENTID)
values (209, '随州', 2, 18);

insert into region (REGIONID, REGIONNAME, REGIONTYPE, PARENTID)
values (210, '恩施', 2, 18);

insert into region (REGIONID, REGIONNAME, REGIONTYPE, PARENTID)
values (211, '长沙', 2, 19);

insert into region (REGIONID, REGIONNAME, REGIONTYPE, PARENTID)
values (212, '株洲', 2, 19);

insert into region (REGIONID, REGIONNAME, REGIONTYPE, PARENTID)
values (213, '湘潭', 2, 19);

insert into region (REGIONID, REGIONNAME, REGIONTYPE, PARENTID)
values (214, '衡阳', 2, 19);

insert into region (REGIONID, REGIONNAME, REGIONTYPE, PARENTID)
values (215, '邵阳', 2, 19);

insert into region (REGIONID, REGIONNAME, REGIONTYPE, PARENTID)
values (216, '岳阳', 2, 19);

insert into region (REGIONID, REGIONNAME, REGIONTYPE, PARENTID)
values (217, '常德', 2, 19);

insert into region (REGIONID, REGIONNAME, REGIONTYPE, PARENTID)
values (218, '张家界', 2, 19);

insert into region (REGIONID, REGIONNAME, REGIONTYPE, PARENTID)
values (219, '溢阳', 2, 19);

insert into region (REGIONID, REGIONNAME, REGIONTYPE, PARENTID)
values (220, '郴州', 2, 19);

insert into region (REGIONID, REGIONNAME, REGIONTYPE, PARENTID)
values (221, '永州', 2, 19);

insert into region (REGIONID, REGIONNAME, REGIONTYPE, PARENTID)
values (222, '怀化', 2, 19);

insert into region (REGIONID, REGIONNAME, REGIONTYPE, PARENTID)
values (223, '娄底', 2, 19);

insert into region (REGIONID, REGIONNAME, REGIONTYPE, PARENTID)
values (224, '湘西', 2, 19);

insert into region (REGIONID, REGIONNAME, REGIONTYPE, PARENTID)
values (225, '广州', 2, 20);

insert into region (REGIONID, REGIONNAME, REGIONTYPE, PARENTID)
values (226, '深圳', 2, 20);

insert into region (REGIONID, REGIONNAME, REGIONTYPE, PARENTID)
values (227, '珠海', 2, 20);

insert into region (REGIONID, REGIONNAME, REGIONTYPE, PARENTID)
values (228, '汕头', 2, 20);

insert into region (REGIONID, REGIONNAME, REGIONTYPE, PARENTID)
values (229, '韶关', 2, 20);

insert into region (REGIONID, REGIONNAME, REGIONTYPE, PARENTID)
values (230, '佛山', 2, 20);

insert into region (REGIONID, REGIONNAME, REGIONTYPE, PARENTID)
values (231, '江门', 2, 20);

insert into region (REGIONID, REGIONNAME, REGIONTYPE, PARENTID)
values (232, '湛江', 2, 20);

insert into region (REGIONID, REGIONNAME, REGIONTYPE, PARENTID)
values (233, '茂名', 2, 20);

insert into region (REGIONID, REGIONNAME, REGIONTYPE, PARENTID)
values (234, '肇庆', 2, 20);

insert into region (REGIONID, REGIONNAME, REGIONTYPE, PARENTID)
values (235, '惠州', 2, 20);

insert into region (REGIONID, REGIONNAME, REGIONTYPE, PARENTID)
values (236, '梅州', 2, 20);

insert into region (REGIONID, REGIONNAME, REGIONTYPE, PARENTID)
values (237, '汕尾', 2, 20);

insert into region (REGIONID, REGIONNAME, REGIONTYPE, PARENTID)
values (238, '河源', 2, 20);

insert into region (REGIONID, REGIONNAME, REGIONTYPE, PARENTID)
values (239, '阳江', 2, 20);

insert into region (REGIONID, REGIONNAME, REGIONTYPE, PARENTID)
values (240, '清远', 2, 20);

insert into region (REGIONID, REGIONNAME, REGIONTYPE, PARENTID)
values (241, '东莞', 2, 20);

insert into region (REGIONID, REGIONNAME, REGIONTYPE, PARENTID)
values (242, '中山', 2, 20);

insert into region (REGIONID, REGIONNAME, REGIONTYPE, PARENTID)
values (243, '潮州', 2, 20);

insert into region (REGIONID, REGIONNAME, REGIONTYPE, PARENTID)
values (244, '揭阳', 2, 20);

insert into region (REGIONID, REGIONNAME, REGIONTYPE, PARENTID)
values (245, '云浮', 2, 20);

insert into region (REGIONID, REGIONNAME, REGIONTYPE, PARENTID)
values (246, '南宁', 2, 21);

insert into region (REGIONID, REGIONNAME, REGIONTYPE, PARENTID)
values (247, '柳州', 2, 21);

insert into region (REGIONID, REGIONNAME, REGIONTYPE, PARENTID)
values (248, '桂林', 2, 21);

insert into region (REGIONID, REGIONNAME, REGIONTYPE, PARENTID)
values (249, '梧州', 2, 21);

insert into region (REGIONID, REGIONNAME, REGIONTYPE, PARENTID)
values (250, '北海', 2, 21);

insert into region (REGIONID, REGIONNAME, REGIONTYPE, PARENTID)
values (251, '防城港', 2, 21);

insert into region (REGIONID, REGIONNAME, REGIONTYPE, PARENTID)
values (252, '钦州', 2, 21);

insert into region (REGIONID, REGIONNAME, REGIONTYPE, PARENTID)
values (253, '贵港', 2, 21);

insert into region (REGIONID, REGIONNAME, REGIONTYPE, PARENTID)
values (254, '玉林', 2, 21);

insert into region (REGIONID, REGIONNAME, REGIONTYPE, PARENTID)
values (255, '百色', 2, 21);

insert into region (REGIONID, REGIONNAME, REGIONTYPE, PARENTID)
values (256, '贺州', 2, 21);

insert into region (REGIONID, REGIONNAME, REGIONTYPE, PARENTID)
values (257, '河池', 2, 21);

insert into region (REGIONID, REGIONNAME, REGIONTYPE, PARENTID)
values (258, '来宾', 2, 21);

insert into region (REGIONID, REGIONNAME, REGIONTYPE, PARENTID)
values (259, '崇左', 2, 21);

insert into region (REGIONID, REGIONNAME, REGIONTYPE, PARENTID)
values (260, '白沙黎族自治县', 2, 22);

insert into region (REGIONID, REGIONNAME, REGIONTYPE, PARENTID)
values (261, '西沙群岛', 2, 22);

insert into region (REGIONID, REGIONNAME, REGIONTYPE, PARENTID)
values (262, '儋州', 2, 22);

insert into region (REGIONID, REGIONNAME, REGIONTYPE, PARENTID)
values (263, '屯昌县', 2, 22);

insert into region (REGIONID, REGIONNAME, REGIONTYPE, PARENTID)
values (264, '安定县', 2, 22);

insert into region (REGIONID, REGIONNAME, REGIONTYPE, PARENTID)
values (265, '琼中黎族苗族自治县', 2, 22);

insert into region (REGIONID, REGIONNAME, REGIONTYPE, PARENTID)
values (266, '昌江黎族自治县', 2, 22);

insert into region (REGIONID, REGIONNAME, REGIONTYPE, PARENTID)
values (267, '东方', 2, 22);

insert into region (REGIONID, REGIONNAME, REGIONTYPE, PARENTID)
values (268, '三亚', 2, 22);

insert into region (REGIONID, REGIONNAME, REGIONTYPE, PARENTID)
values (269, '中沙群岛的岛礁及其海域', 2, 22);

insert into region (REGIONID, REGIONNAME, REGIONTYPE, PARENTID)
values (270, '琼海', 2, 22);

insert into region (REGIONID, REGIONNAME, REGIONTYPE, PARENTID)
values (271, '澄迈县', 2, 22);

insert into region (REGIONID, REGIONNAME, REGIONTYPE, PARENTID)
values (272, '五指山', 2, 22);

insert into region (REGIONID, REGIONNAME, REGIONTYPE, PARENTID)
values (273, '海口', 2, 22);

insert into region (REGIONID, REGIONNAME, REGIONTYPE, PARENTID)
values (274, '文昌', 2, 22);

insert into region (REGIONID, REGIONNAME, REGIONTYPE, PARENTID)
values (275, '陵水黎族自治县', 2, 22);

insert into region (REGIONID, REGIONNAME, REGIONTYPE, PARENTID)
values (276, '保亭黎族苗族自治县', 2, 22);

insert into region (REGIONID, REGIONNAME, REGIONTYPE, PARENTID)
values (277, '南沙群岛', 2, 22);

insert into region (REGIONID, REGIONNAME, REGIONTYPE, PARENTID)
values (278, '乐东黎族自治县', 2, 22);

insert into region (REGIONID, REGIONNAME, REGIONTYPE, PARENTID)
values (279, '临高县', 2, 22);

insert into region (REGIONID, REGIONNAME, REGIONTYPE, PARENTID)
values (280, '万宁', 2, 22);

insert into region (REGIONID, REGIONNAME, REGIONTYPE, PARENTID)
values (281, '成都', 2, 23);

insert into region (REGIONID, REGIONNAME, REGIONTYPE, PARENTID)
values (282, '自贡', 2, 23);

insert into region (REGIONID, REGIONNAME, REGIONTYPE, PARENTID)
values (283, '攀枝花', 2, 23);

insert into region (REGIONID, REGIONNAME, REGIONTYPE, PARENTID)
values (284, '泸州', 2, 23);

insert into region (REGIONID, REGIONNAME, REGIONTYPE, PARENTID)
values (285, '德阳', 2, 23);

insert into region (REGIONID, REGIONNAME, REGIONTYPE, PARENTID)
values (286, '绵阳', 2, 23);

insert into region (REGIONID, REGIONNAME, REGIONTYPE, PARENTID)
values (287, '广元', 2, 23);

insert into region (REGIONID, REGIONNAME, REGIONTYPE, PARENTID)
values (288, '遂宁', 2, 23);

insert into region (REGIONID, REGIONNAME, REGIONTYPE, PARENTID)
values (289, '内江', 2, 23);

insert into region (REGIONID, REGIONNAME, REGIONTYPE, PARENTID)
values (290, '乐山', 2, 23);

insert into region (REGIONID, REGIONNAME, REGIONTYPE, PARENTID)
values (291, '南充', 2, 23);

insert into region (REGIONID, REGIONNAME, REGIONTYPE, PARENTID)
values (292, '宜宾', 2, 23);

insert into region (REGIONID, REGIONNAME, REGIONTYPE, PARENTID)
values (293, '广安', 2, 23);

insert into region (REGIONID, REGIONNAME, REGIONTYPE, PARENTID)
values (294, '达州', 2, 23);

insert into region (REGIONID, REGIONNAME, REGIONTYPE, PARENTID)
values (295, '眉山', 2, 23);

insert into region (REGIONID, REGIONNAME, REGIONTYPE, PARENTID)
values (296, '雅安', 2, 23);

insert into region (REGIONID, REGIONNAME, REGIONTYPE, PARENTID)
values (297, '巴中', 2, 23);

insert into region (REGIONID, REGIONNAME, REGIONTYPE, PARENTID)
values (298, '资阳', 2, 23);

insert into region (REGIONID, REGIONNAME, REGIONTYPE, PARENTID)
values (299, '阿坝', 2, 23);

insert into region (REGIONID, REGIONNAME, REGIONTYPE, PARENTID)
values (300, '甘孜', 2, 23);

insert into region (REGIONID, REGIONNAME, REGIONTYPE, PARENTID)
values (301, '凉山', 2, 23);

insert into region (REGIONID, REGIONNAME, REGIONTYPE, PARENTID)
values (302, '贵阳', 2, 24);

insert into region (REGIONID, REGIONNAME, REGIONTYPE, PARENTID)
values (303, '六盘水', 2, 24);

insert into region (REGIONID, REGIONNAME, REGIONTYPE, PARENTID)
values (304, '遵义', 2, 24);

insert into region (REGIONID, REGIONNAME, REGIONTYPE, PARENTID)
values (305, '安顺', 2, 24);

insert into region (REGIONID, REGIONNAME, REGIONTYPE, PARENTID)
values (306, '铜仁', 2, 24);

insert into region (REGIONID, REGIONNAME, REGIONTYPE, PARENTID)
values (307, '毕节', 2, 24);

insert into region (REGIONID, REGIONNAME, REGIONTYPE, PARENTID)
values (308, '黔西南', 2, 24);

insert into region (REGIONID, REGIONNAME, REGIONTYPE, PARENTID)
values (309, '黔东南', 2, 24);

insert into region (REGIONID, REGIONNAME, REGIONTYPE, PARENTID)
values (310, '黔南', 2, 24);

insert into region (REGIONID, REGIONNAME, REGIONTYPE, PARENTID)
values (311, '昆明', 2, 25);

insert into region (REGIONID, REGIONNAME, REGIONTYPE, PARENTID)
values (312, '曲靖', 2, 25);

insert into region (REGIONID, REGIONNAME, REGIONTYPE, PARENTID)
values (313, '玉溪', 2, 25);

insert into region (REGIONID, REGIONNAME, REGIONTYPE, PARENTID)
values (314, '保山', 2, 25);

insert into region (REGIONID, REGIONNAME, REGIONTYPE, PARENTID)
values (315, '昭通', 2, 25);

insert into region (REGIONID, REGIONNAME, REGIONTYPE, PARENTID)
values (316, '丽江', 2, 25);

insert into region (REGIONID, REGIONNAME, REGIONTYPE, PARENTID)
values (317, '普洱', 2, 25);

insert into region (REGIONID, REGIONNAME, REGIONTYPE, PARENTID)
values (318, '临沧', 2, 25);

insert into region (REGIONID, REGIONNAME, REGIONTYPE, PARENTID)
values (319, '文山', 2, 25);

insert into region (REGIONID, REGIONNAME, REGIONTYPE, PARENTID)
values (320, '红河', 2, 25);

insert into region (REGIONID, REGIONNAME, REGIONTYPE, PARENTID)
values (321, '西双版纳', 2, 25);

insert into region (REGIONID, REGIONNAME, REGIONTYPE, PARENTID)
values (322, '楚雄', 2, 25);

insert into region (REGIONID, REGIONNAME, REGIONTYPE, PARENTID)
values (323, '大理', 2, 25);

insert into region (REGIONID, REGIONNAME, REGIONTYPE, PARENTID)
values (324, '德宏', 2, 25);

insert into region (REGIONID, REGIONNAME, REGIONTYPE, PARENTID)
values (325, '怒江', 2, 25);

insert into region (REGIONID, REGIONNAME, REGIONTYPE, PARENTID)
values (326, '迪庆', 2, 25);

insert into region (REGIONID, REGIONNAME, REGIONTYPE, PARENTID)
values (327, '拉萨', 2, 26);

insert into region (REGIONID, REGIONNAME, REGIONTYPE, PARENTID)
values (328, '昌都', 2, 26);

insert into region (REGIONID, REGIONNAME, REGIONTYPE, PARENTID)
values (329, '山南', 2, 26);

insert into region (REGIONID, REGIONNAME, REGIONTYPE, PARENTID)
values (330, '日喀则', 2, 26);

insert into region (REGIONID, REGIONNAME, REGIONTYPE, PARENTID)
values (331, '那曲', 2, 26);

insert into region (REGIONID, REGIONNAME, REGIONTYPE, PARENTID)
values (332, '阿里', 2, 26);

insert into region (REGIONID, REGIONNAME, REGIONTYPE, PARENTID)
values (333, '林芝', 2, 26);

insert into region (REGIONID, REGIONNAME, REGIONTYPE, PARENTID)
values (334, '西安', 2, 27);

insert into region (REGIONID, REGIONNAME, REGIONTYPE, PARENTID)
values (335, '铜川', 2, 27);

insert into region (REGIONID, REGIONNAME, REGIONTYPE, PARENTID)
values (336, '宝鸡', 2, 27);

insert into region (REGIONID, REGIONNAME, REGIONTYPE, PARENTID)
values (337, '咸阳', 2, 27);

insert into region (REGIONID, REGIONNAME, REGIONTYPE, PARENTID)
values (338, '渭南', 2, 27);

insert into region (REGIONID, REGIONNAME, REGIONTYPE, PARENTID)
values (339, '延安', 2, 27);

insert into region (REGIONID, REGIONNAME, REGIONTYPE, PARENTID)
values (340, '汉中', 2, 27);

insert into region (REGIONID, REGIONNAME, REGIONTYPE, PARENTID)
values (341, '榆林', 2, 27);

insert into region (REGIONID, REGIONNAME, REGIONTYPE, PARENTID)
values (342, '安康', 2, 27);

insert into region (REGIONID, REGIONNAME, REGIONTYPE, PARENTID)
values (343, '商洛', 2, 27);

insert into region (REGIONID, REGIONNAME, REGIONTYPE, PARENTID)
values (344, '兰州', 2, 28);

insert into region (REGIONID, REGIONNAME, REGIONTYPE, PARENTID)
values (345, '嘉峪关', 2, 28);

insert into region (REGIONID, REGIONNAME, REGIONTYPE, PARENTID)
values (346, '金昌', 2, 28);

insert into region (REGIONID, REGIONNAME, REGIONTYPE, PARENTID)
values (347, '白银', 2, 28);

insert into region (REGIONID, REGIONNAME, REGIONTYPE, PARENTID)
values (348, '天水', 2, 28);

insert into region (REGIONID, REGIONNAME, REGIONTYPE, PARENTID)
values (349, '武威', 2, 28);

insert into region (REGIONID, REGIONNAME, REGIONTYPE, PARENTID)
values (350, '张掖', 2, 28);

insert into region (REGIONID, REGIONNAME, REGIONTYPE, PARENTID)
values (351, '平凉', 2, 28);

insert into region (REGIONID, REGIONNAME, REGIONTYPE, PARENTID)
values (352, '酒泉', 2, 28);

insert into region (REGIONID, REGIONNAME, REGIONTYPE, PARENTID)
values (353, '庆阳', 2, 28);

insert into region (REGIONID, REGIONNAME, REGIONTYPE, PARENTID)
values (354, '定西', 2, 28);

insert into region (REGIONID, REGIONNAME, REGIONTYPE, PARENTID)
values (355, '陇南', 2, 28);

insert into region (REGIONID, REGIONNAME, REGIONTYPE, PARENTID)
values (356, '临夏', 2, 28);

insert into region (REGIONID, REGIONNAME, REGIONTYPE, PARENTID)
values (357, '甘南', 2, 28);

insert into region (REGIONID, REGIONNAME, REGIONTYPE, PARENTID)
values (358, '西宁', 2, 29);

insert into region (REGIONID, REGIONNAME, REGIONTYPE, PARENTID)
values (359, '海东', 2, 29);

insert into region (REGIONID, REGIONNAME, REGIONTYPE, PARENTID)
values (360, '海北', 2, 29);

insert into region (REGIONID, REGIONNAME, REGIONTYPE, PARENTID)
values (361, '黄南', 2, 29);

insert into region (REGIONID, REGIONNAME, REGIONTYPE, PARENTID)
values (362, '海南', 2, 29);

insert into region (REGIONID, REGIONNAME, REGIONTYPE, PARENTID)
values (363, '果洛', 2, 29);

insert into region (REGIONID, REGIONNAME, REGIONTYPE, PARENTID)
values (364, '玉树', 2, 29);

insert into region (REGIONID, REGIONNAME, REGIONTYPE, PARENTID)
values (365, '海西', 2, 29);

insert into region (REGIONID, REGIONNAME, REGIONTYPE, PARENTID)
values (366, '银川', 2, 30);

insert into region (REGIONID, REGIONNAME, REGIONTYPE, PARENTID)
values (367, '石嘴山', 2, 30);

insert into region (REGIONID, REGIONNAME, REGIONTYPE, PARENTID)
values (368, '吴忠', 2, 30);

insert into region (REGIONID, REGIONNAME, REGIONTYPE, PARENTID)
values (369, '固原', 2, 30);

insert into region (REGIONID, REGIONNAME, REGIONTYPE, PARENTID)
values (370, '中卫', 2, 30);

insert into region (REGIONID, REGIONNAME, REGIONTYPE, PARENTID)
values (371, '乌鲁木齐', 2, 31);

insert into region (REGIONID, REGIONNAME, REGIONTYPE, PARENTID)
values (372, '克拉玛依', 2, 31);

insert into region (REGIONID, REGIONNAME, REGIONTYPE, PARENTID)
values (373, '吐鲁番', 2, 31);

insert into region (REGIONID, REGIONNAME, REGIONTYPE, PARENTID)
values (374, '哈密', 2, 31);

insert into region (REGIONID, REGIONNAME, REGIONTYPE, PARENTID)
values (375, '和田', 2, 31);

insert into region (REGIONID, REGIONNAME, REGIONTYPE, PARENTID)
values (376, '阿克苏', 2, 31);

insert into region (REGIONID, REGIONNAME, REGIONTYPE, PARENTID)
values (377, '喀什', 2, 31);

insert into region (REGIONID, REGIONNAME, REGIONTYPE, PARENTID)
values (378, '克孜勒苏柯尔克孜', 2, 31);

insert into region (REGIONID, REGIONNAME, REGIONTYPE, PARENTID)
values (379, '巴音郭楞蒙古', 2, 31);

insert into region (REGIONID, REGIONNAME, REGIONTYPE, PARENTID)
values (380, '昌吉', 2, 31);

insert into region (REGIONID, REGIONNAME, REGIONTYPE, PARENTID)
values (381, '博尔塔拉蒙古', 2, 31);

insert into region (REGIONID, REGIONNAME, REGIONTYPE, PARENTID)
values (382, '伊犁哈萨克', 2, 31);

insert into region (REGIONID, REGIONNAME, REGIONTYPE, PARENTID)
values (383, '塔城', 2, 31);

insert into region (REGIONID, REGIONNAME, REGIONTYPE, PARENTID)
values (384, '阿勒泰', 2, 31);

insert into region (REGIONID, REGIONNAME, REGIONTYPE, PARENTID)
values (385, '台北', 2, 32);

insert into region (REGIONID, REGIONNAME, REGIONTYPE, PARENTID)
values (386, '高雄', 2, 32);

insert into region (REGIONID, REGIONNAME, REGIONTYPE, PARENTID)
values (387, '基隆', 2, 32);

insert into region (REGIONID, REGIONNAME, REGIONTYPE, PARENTID)
values (388, '台中', 2, 32);

insert into region (REGIONID, REGIONNAME, REGIONTYPE, PARENTID)
values (389, '台南', 2, 32);

insert into region (REGIONID, REGIONNAME, REGIONTYPE, PARENTID)
values (390, '新竹', 2, 32);

insert into region (REGIONID, REGIONNAME, REGIONTYPE, PARENTID)
values (391, '香港', 2, 33);

insert into region (REGIONID, REGIONNAME, REGIONTYPE, PARENTID)
values (392, '澳门', 2, 33);
SET IDENTITY_INSERT region OFF;

/**=============== 数据字典分类===================**/
SET IDENTITY_INSERT global_type ON;
/**宗教信仰**/
insert into global_type(protypeid, typename,path,depth, parentid, nodekey, catkey,sn, userid,depid)
values(2000,'宗教信仰','0.2000.',1,0,'religion','DIC',1,null,null);
/**民族**/
insert into global_type(protypeid, typename,path,depth, parentid, nodekey, catkey,sn, userid,depid)
values(2001,'民族','0.2001.',1,0,'nation','DIC',2,null,null);
/**学历**/
insert into global_type(protypeid, typename,path,depth, parentid, nodekey, catkey,sn, userid,depid)
values(2002,'学历','0.2002.',1,0,'education','DIC',3,null,null);
/**政治面貌**/
insert into global_type(protypeid, typename,path,depth, parentid, nodekey, catkey,sn, userid,depid)
values(2003,'政治面貌','0.2003.',1,0,'political_status','DIC',4,null,null);
/**国籍**/
insert into global_type(protypeid, typename,path,depth, parentid, nodekey, catkey,sn, userid,depid)
values(2004,'国籍','0.2004.',1,0,'nationality','DIC',5,null,null);
/**专业**/
insert into global_type(protypeid, typename,path,depth, parentid, nodekey, catkey,sn, userid,depid)
values(2005,'专业','0.2005.',1,0,'major','DIC',6,null,null);
/**全宗管理**/
insert into global_type(protypeid, typename,path,depth, parentid, nodekey, catkey,sn, userid,depid)
values(2006,'全宗管理','0.2006.',1,0,'fonds_management','DIC',7,null,null);
/**全宗开放形式**/
insert into global_type(protypeid, typename,path,depth, parentid, nodekey, catkey,sn, userid,depid)
values(2007,'全宗开放形式','0.2006.2007.',2,2006,'fonds_open_form','DIC',8,null,null);
/**卷宗管理**/
insert into global_type(protypeid, typename,path,depth, parentid, nodekey, catkey,sn, userid,depid)
values(2008,'卷宗管理','0.2008.',1,0,'file_management','DIC',9,null,null);
/**文件密级**/
insert into global_type(protypeid, typename,path,depth, parentid, nodekey, catkey,sn, userid,depid)
values(2009,'文件密级','0.2008.2009.',2,2008,'file_security','DIC',10,null,null);
/**保管期限**/
insert into global_type(protypeid, typename,path,depth, parentid, nodekey, catkey,sn, userid,depid)
values(2010,'卷宗保管期限','0.2008.2010.',2,2008,'file_time_limit','DIC',11,null,null);
/**卷宗开放形式**/
insert into global_type(protypeid, typename,path,depth, parentid, nodekey, catkey,sn, userid,depid)
values(2011,'卷宗开放形式','0.2008.2011.',2,2008,'file_open_form','DIC',12,null,null);
/**文件借阅**/
insert into global_type(protypeid, typename,path,depth, parentid, nodekey, catkey,sn, userid,depid)
values(2012,'文件借阅','0.2012.',1,0,'borrow_files','DIC',13,null,null);
/**借阅方式**/
insert into global_type(protypeid, typename,path,depth, parentid, nodekey, catkey,sn, userid,depid)
values(2013,'借阅申请','0.2012.2013.',2,2012,'borrow_form','DIC',14,null,null);
/**借阅目的**/
insert into global_type(protypeid, typename,path,depth, parentid, nodekey, catkey,sn, userid,depid)
values(2014,'借阅目的','0.2012.2014.',2,2012,'borrow_purpose','DIC',15,null,null);
/**流程模块**/
insert into global_type(protypeid, typename,path,depth, parentid, nodekey, catkey,sn, userid,depid)
values(2015,'流程模块','0.2015.',1,0,'process_module ','DIC',16,null,null);
/**模块Key**/
insert into global_type(protypeid, typename,path,depth, parentid, nodekey, catkey,sn, userid,depid)
values(2016,'模块Key','0.2015.2016',2,2015,'process_module_key  ','DIC',17,null,null);
SET IDENTITY_INSERT global_type OFF;


/**=============== 数据字典===================**/
SET IDENTITY_INSERT dictionary ON;
insert into dictionary (DICID,PROTYPEID, ITEMNAME, ITEMVALUE, DESCP,SN)
values (1,2000,'宗教信仰', '佛教', '',1);

insert into dictionary (DICID,PROTYPEID, ITEMNAME, ITEMVALUE, DESCP,SN)
values (2,2000,'宗教信仰', '道教', '',2);

insert into dictionary (DICID,PROTYPEID, ITEMNAME, ITEMVALUE, DESCP,SN)
values (3,2000,'宗教信仰', '基督宗教', '',3);

insert into dictionary (DICID,PROTYPEID, ITEMNAME, ITEMVALUE, DESCP,SN)
values (4,2000,'宗教信仰', '天主教', '',4);

insert into dictionary (DICID,PROTYPEID, ITEMNAME, ITEMVALUE, DESCP,SN)
values (5,2000,'宗教信仰', '伊斯兰教', '',5);

insert into dictionary (DICID,PROTYPEID, ITEMNAME, ITEMVALUE, DESCP,SN)
values (6,2000, '宗教信仰', '犹太教', '',6);

insert into dictionary (DICID,PROTYPEID, ITEMNAME, ITEMVALUE, DESCP,SN)
values (7,2000,'宗教信仰', '孔教', '',7);

insert into dictionary (DICID,PROTYPEID, ITEMNAME, ITEMVALUE, DESCP,SN)
values (8,2000,'宗教信仰', '神道教', '',8);

insert into dictionary (DICID,PROTYPEID, ITEMNAME, ITEMVALUE, DESCP,SN)
values (9,2000,'宗教信仰', '耆那教', '',9);

insert into dictionary (DICID,PROTYPEID, ITEMNAME, ITEMVALUE, DESCP,SN)
values (10,2000,'宗教信仰', '印度教', '',10);

insert into dictionary (DICID,PROTYPEID, ITEMNAME, ITEMVALUE, DESCP,SN)
values (11,2000,'宗教信仰', '东正教', '',11);

insert into dictionary (DICID,PROTYPEID, ITEMNAME, ITEMVALUE, DESCP,SN)
values (12,2000,'宗教信仰', '新教', '',12);

insert into dictionary (DICID,PROTYPEID, ITEMNAME, ITEMVALUE, DESCP,SN)
values (13,2000,'宗教信仰', '锡克教', '',13);

insert into dictionary (DICID,PROTYPEID, ITEMNAME, ITEMVALUE, DESCP,SN)
values (14,2000,'宗教信仰', '琐罗亚斯德教', '',14);

insert into dictionary (DICID,PROTYPEID, ITEMNAME, ITEMVALUE, DESCP,SN)
values (15,2000,'宗教信仰', '巴哈伊教', '',15);

insert into dictionary (DICID,PROTYPEID, ITEMNAME, ITEMVALUE, DESCP,SN)
values (16,2000,'宗教信仰', '其它', '',16);

/**民族**/
insert into dictionary (DICID,PROTYPEID, ITEMNAME, ITEMVALUE, DESCP,SN)
values (17, 2001,'民族', '汉族', '',1);

insert into dictionary (DICID,PROTYPEID, ITEMNAME, ITEMVALUE, DESCP,SN)
values (18, 2001,'民族', '阿昌族', '',2);

insert into dictionary (DICID,PROTYPEID, ITEMNAME, ITEMVALUE, DESCP,SN)
values (19, 2001,'民族', '白族', '',3);

insert into dictionary (DICID,PROTYPEID, ITEMNAME, ITEMVALUE, DESCP,SN)
values (20, 2001,'民族', '保安族', '',4);

insert into dictionary (DICID,PROTYPEID, ITEMNAME, ITEMVALUE, DESCP,SN)
values (21, 2001,'民族', '布朗族', '',5);

insert into dictionary (DICID,PROTYPEID, ITEMNAME, ITEMVALUE, DESCP,SN)
values (22, 2001,'民族', '布依族', '',6);

insert into dictionary (DICID,PROTYPEID, ITEMNAME, ITEMVALUE, DESCP,SN)
values (23, 2001,'民族', '朝鲜族', '',7);

insert into dictionary (DICID,PROTYPEID, ITEMNAME, ITEMVALUE, DESCP,SN)
values (24, 2001,'民族', '达斡族', '',8);

insert into dictionary (DICID,PROTYPEID, ITEMNAME, ITEMVALUE, DESCP,SN)
values (25, 2001,'民族', '傣族', '',9);

insert into dictionary (DICID,PROTYPEID, ITEMNAME, ITEMVALUE, DESCP,SN)
values (26, 2001,'民族', '德昂族', '',10);

insert into dictionary (DICID,PROTYPEID, ITEMNAME, ITEMVALUE, DESCP,SN)
values (27, 2001,'民族', '侗族', '',11);

insert into dictionary (DICID,PROTYPEID, ITEMNAME, ITEMVALUE, DESCP,SN)
values (28, 2001,'民族', '东乡族', '',12);

insert into dictionary (DICID,PROTYPEID, ITEMNAME, ITEMVALUE, DESCP,SN)
values (29, 2001,'民族', '独龙族', '',13);

insert into dictionary (DICID,PROTYPEID, ITEMNAME, ITEMVALUE, DESCP,SN)
values (30, 2001,'民族', '鄂伦春族', '',14);

insert into dictionary (DICID,PROTYPEID, ITEMNAME, ITEMVALUE, DESCP,SN)
values (31, 2001,'民族', '俄罗斯族', '',15);

insert into dictionary (DICID,PROTYPEID, ITEMNAME, ITEMVALUE, DESCP,SN)
values (32, 2001,'民族', '鄂温克族', '',16);

insert into dictionary (DICID,PROTYPEID, ITEMNAME, ITEMVALUE, DESCP,SN)
values (33, 2001,'民族', '高山族', '',17);

insert into dictionary (DICID,PROTYPEID, ITEMNAME, ITEMVALUE, DESCP,SN)
values (34, 2001,'民族', '仡佬族', '',18);

insert into dictionary (DICID,PROTYPEID, ITEMNAME, ITEMVALUE, DESCP,SN)
values (35, 2001,'民族', '哈尼族', '',19);

insert into dictionary (DICID,PROTYPEID, ITEMNAME, ITEMVALUE, DESCP,SN)
values (36, 2001,'民族', '啥萨克族', '',20);

insert into dictionary (DICID,PROTYPEID, ITEMNAME, ITEMVALUE, DESCP,SN)
values (37, 2001,'民族', '赫哲族', '',21);

insert into dictionary (DICID,PROTYPEID, ITEMNAME, ITEMVALUE, DESCP,SN)
values (38, 2001,'民族', '回族', '',22);

insert into dictionary (DICID,PROTYPEID, ITEMNAME, ITEMVALUE, DESCP,SN)
values (39, 2001,'民族', '基诺族', '',23);

insert into dictionary (DICID,PROTYPEID, ITEMNAME, ITEMVALUE, DESCP,SN)
values (40, 2001,'民族', '京族', '',24);

insert into dictionary (DICID,PROTYPEID, ITEMNAME, ITEMVALUE, DESCP,SN)
values (41, 2001,'民族', '景颇族', '',25);

insert into dictionary (DICID,PROTYPEID, ITEMNAME, ITEMVALUE, DESCP,SN)
values (42, 2001,'民族', '柯尔克孜族', '',26);

insert into dictionary (DICID,PROTYPEID, ITEMNAME, ITEMVALUE, DESCP,SN)
values (43, 2001,'民族', '拉祜族', '',27);

insert into dictionary (DICID,PROTYPEID, ITEMNAME, ITEMVALUE, DESCP,SN)
values (44, 2001,'民族', '黎族', '',28);

insert into dictionary (DICID,PROTYPEID, ITEMNAME, ITEMVALUE, DESCP,SN)
values (45, 2001,'民族', '僳僳族', '',29);

insert into dictionary (DICID,PROTYPEID, ITEMNAME, ITEMVALUE, DESCP,SN)
values (46, 2001,'民族', '珞巴族', '',30);

insert into dictionary (DICID,PROTYPEID, ITEMNAME, ITEMVALUE, DESCP,SN)
values (47, 2001,'民族', '满族', '',31);

insert into dictionary (DICID,PROTYPEID, ITEMNAME, ITEMVALUE, DESCP,SN)
values (48, 2001,'民族', '毛南族', '',32);

insert into dictionary (DICID,PROTYPEID, ITEMNAME, ITEMVALUE, DESCP,SN)
values (49, 2001,'民族', '门巴族', '',33);

insert into dictionary (DICID,PROTYPEID, ITEMNAME, ITEMVALUE, DESCP,SN)
values (50, 2001,'民族', '蒙古族', '',34);

insert into dictionary (DICID,PROTYPEID, ITEMNAME, ITEMVALUE, DESCP,SN)
values (51, 2001,'民族', '苗族', '',35);

insert into dictionary (DICID,PROTYPEID, ITEMNAME, ITEMVALUE, DESCP,SN)
values (52, 2001,'民族', '仫佬族', '',36);

insert into dictionary (DICID,PROTYPEID, ITEMNAME, ITEMVALUE, DESCP,SN)
values (53, 2001,'民族', '纳西族', '',37);

insert into dictionary (DICID,PROTYPEID, ITEMNAME, ITEMVALUE, DESCP,SN)
values (54, 2001,'民族', '怒族', '',38);

insert into dictionary (DICID,PROTYPEID, ITEMNAME, ITEMVALUE, DESCP,SN)
values (55, 2001,'民族', '普米族', '',39);

insert into dictionary (DICID,PROTYPEID, ITEMNAME, ITEMVALUE, DESCP,SN)
values (56, 2001,'民族', '羌族', '',40);

insert into dictionary (DICID,PROTYPEID, ITEMNAME, ITEMVALUE, DESCP,SN)
values (57, 2001,'民族', '撒拉族', '',41);

insert into dictionary (DICID,PROTYPEID, ITEMNAME, ITEMVALUE, DESCP,SN)
values (58, 2001,'民族', '畲族', '',42);

insert into dictionary (DICID,PROTYPEID, ITEMNAME, ITEMVALUE, DESCP,SN)
values (59, 2001,'民族', '水族', '',43);

insert into dictionary (DICID,PROTYPEID, ITEMNAME, ITEMVALUE, DESCP,SN)
values (60, 2001,'民族', '塔吉克族', '',44);

insert into dictionary (DICID,PROTYPEID, ITEMNAME, ITEMVALUE, DESCP,SN)
values (61, 2001,'民族', '塔塔尔族', '',45);

insert into dictionary (DICID,PROTYPEID, ITEMNAME, ITEMVALUE, DESCP,SN)
values (62, 2001,'民族', '土族', '',46);

insert into dictionary (DICID,PROTYPEID, ITEMNAME, ITEMVALUE, DESCP,SN)
values (63, 2001,'民族', '土家族', '',47);

insert into dictionary (DICID,PROTYPEID, ITEMNAME, ITEMVALUE, DESCP,SN)
values (64, 2001,'民族', '佤族', '',48);

insert into dictionary (DICID,PROTYPEID, ITEMNAME, ITEMVALUE, DESCP,SN)
values (65, 2001,'民族', '维吾尔族', '',49);

insert into dictionary (DICID,PROTYPEID, ITEMNAME, ITEMVALUE, DESCP,SN)
values (66, 2001,'民族', '乌孜别克族', '',50);

insert into dictionary (DICID,PROTYPEID, ITEMNAME, ITEMVALUE, DESCP,SN)
values (67, 2001,'民族', '锡伯族', '',51);

insert into dictionary (DICID,PROTYPEID, ITEMNAME, ITEMVALUE, DESCP,SN)
values (68, 2001,'民族', '瑶族', '',52);

insert into dictionary (DICID,PROTYPEID, ITEMNAME, ITEMVALUE, DESCP,SN)
values (69, 2001,'民族', '彝族', '',53);

insert into dictionary (DICID,PROTYPEID, ITEMNAME, ITEMVALUE, DESCP,SN)
values (70, 2001,'民族', '藏族', '',54);

insert into dictionary (DICID,PROTYPEID, ITEMNAME, ITEMVALUE, DESCP,SN)
values (71, 2001,'民族', '壮族', '',55);
/**学历**/
insert into dictionary (DICID,PROTYPEID, ITEMNAME, ITEMVALUE, DESCP,SN)
values (72, 2002,'学历', '博士', '',1);

insert into dictionary (DICID,PROTYPEID, ITEMNAME, ITEMVALUE, DESCP,SN)
values (73, 2002,'学历', '研究生', '',2);

insert into dictionary (DICID,PROTYPEID, ITEMNAME, ITEMVALUE, DESCP,SN)
values (74, 2002,'学历', '本科', '',3);

insert into dictionary (DICID,PROTYPEID, ITEMNAME, ITEMVALUE, DESCP,SN)
values (75, 2002,'学历', '大专', '',4);

insert into dictionary (DICID,PROTYPEID, ITEMNAME, ITEMVALUE, DESCP,SN)
values (76, 2002,'学历', '中专', '',5);

insert into dictionary (DICID,PROTYPEID, ITEMNAME, ITEMVALUE, DESCP,SN)
values (77, 2002,'学历', '初中', '',6);

insert into dictionary (DICID,PROTYPEID, ITEMNAME, ITEMVALUE, DESCP,SN)
values (78, 2002,'学历', '小学', '',7);

insert into dictionary (DICID,PROTYPEID, ITEMNAME, ITEMVALUE, DESCP,SN)
values (79, 2002,'学历', '其它', '',8);

insert into dictionary (DICID,PROTYPEID, ITEMNAME, ITEMVALUE, DESCP,SN)
values (80, 2003,'政治面貌', '群众', '',1);

insert into dictionary (DICID,PROTYPEID, ITEMNAME, ITEMVALUE, DESCP,SN)
values (81, 2003,'政治面貌', '共青团员', '',2);

insert into dictionary (DICID,PROTYPEID, ITEMNAME, ITEMVALUE, DESCP,SN)
values (82, 2003,'政治面貌', '中共党员', '',3);

insert into dictionary (DICID,PROTYPEID, ITEMNAME, ITEMVALUE, DESCP,SN)
values (83, 2004, '国籍', '中华人民共和国', '',1);

insert into dictionary (DICID,PROTYPEID, ITEMNAME, ITEMVALUE, DESCP,SN)
values (84, 2004, '国籍', '美国', '',2);

insert into dictionary (DICID,PROTYPEID, ITEMNAME, ITEMVALUE, DESCP,SN)
values (85, 2004, '国籍', '俄罗斯', '',3);

insert into dictionary (DICID,PROTYPEID, ITEMNAME, ITEMVALUE, DESCP,SN)
values (86, 2004, '国籍', '日本', '',4);

insert into dictionary (DICID,PROTYPEID, ITEMNAME, ITEMVALUE, DESCP,SN)
values (87, 2004, '国籍', '韩国', '',5);

insert into dictionary (DICID,PROTYPEID, ITEMNAME, ITEMVALUE, DESCP,SN)
values (88, 2004, '国籍', '新加波', '',6);

insert into dictionary (DICID,PROTYPEID, ITEMNAME, ITEMVALUE, DESCP,SN)
values (89, 2004, '国籍', '马来西亚', '',7);

insert into dictionary (DICID,PROTYPEID, ITEMNAME, ITEMVALUE, DESCP,SN)
values (90, 2004, '国籍', '英国', '',8);

insert into dictionary (DICID,PROTYPEID, ITEMNAME, ITEMVALUE, DESCP,SN)
values (91, 2004, '国籍', '德国', '',9);

insert into dictionary (DICID,PROTYPEID, ITEMNAME, ITEMVALUE, DESCP,SN)
values (92, 2004, '国籍', '意大利', '',10);

insert into dictionary (DICID,PROTYPEID, ITEMNAME, ITEMVALUE, DESCP,SN)
values (93, 2004, '国籍', '澳大利亚', '',11);

insert into dictionary (DICID,PROTYPEID, ITEMNAME, ITEMVALUE, DESCP,SN)
values (94, 2004, '国籍', '巴西', '',12);

insert into dictionary (DICID,PROTYPEID, ITEMNAME, ITEMVALUE, DESCP,SN)
values (95, 2005, '专业', '管理科学', '',1);

insert into dictionary (DICID,PROTYPEID, ITEMNAME, ITEMVALUE, DESCP,SN)
values (96, 2005, '专业', '信息管理和信息系统', '',2);

insert into dictionary (DICID,PROTYPEID, ITEMNAME, ITEMVALUE, DESCP,SN)
values (97, 2005, '专业', '工业工程', '',3);

insert into dictionary (DICID,PROTYPEID, ITEMNAME, ITEMVALUE, DESCP,SN)
values (98, 2005, '专业', '工程管理', '',4);

insert into dictionary (DICID,PROTYPEID, ITEMNAME, ITEMVALUE, DESCP,SN)
values (99, 2005, '专业', '农业经理管理', '',5);

insert into dictionary (DICID,PROTYPEID, ITEMNAME, ITEMVALUE, DESCP,SN)
values (100, 2005, '专业', '工商管理', '',6);

insert into dictionary (DICID,PROTYPEID, ITEMNAME, ITEMVALUE, DESCP,SN)
values (101, 2005, '专业', '市场营销', '',7);

insert into dictionary (DICID,PROTYPEID, ITEMNAME, ITEMVALUE, DESCP,SN)
values (102, 2005, '专业', '会计学', '',8);

insert into dictionary (DICID,PROTYPEID, ITEMNAME, ITEMVALUE, DESCP,SN)
values (103, 2005, '专业', '涉外会计', '',9);

insert into dictionary (DICID,PROTYPEID, ITEMNAME, ITEMVALUE, DESCP,SN)
values (104, 2005, '专业', '会计电算化', '',10);

insert into dictionary (DICID,PROTYPEID, ITEMNAME, ITEMVALUE, DESCP,SN)
values (105, 2005, '专业', '财政金融', '',11);

insert into dictionary (DICID,PROTYPEID, ITEMNAME, ITEMVALUE, DESCP,SN)
values (106, 2005, '专业', '财务管理', '',12);

insert into dictionary (DICID,PROTYPEID, ITEMNAME, ITEMVALUE, DESCP,SN)
values (107, 2005, '专业', '技术经济', '',13);

insert into dictionary (DICID,PROTYPEID, ITEMNAME, ITEMVALUE, DESCP,SN)
values (108, 2005, '专业', '文秘', '',14);

insert into dictionary (DICID,PROTYPEID, ITEMNAME, ITEMVALUE, DESCP,SN)
values (109, 2005, '专业', '国际商务', '',15);

insert into dictionary (DICID,PROTYPEID, ITEMNAME, ITEMVALUE, DESCP,SN)
values (110, 2005, '专业', '物流管理', '',16);

insert into dictionary (DICID,PROTYPEID, ITEMNAME, ITEMVALUE, DESCP,SN)
values (111, 2005, '专业', '行政管理', '',17);

insert into dictionary (DICID,PROTYPEID, ITEMNAME, ITEMVALUE, DESCP,SN)
values (112, 2005, '专业', '公共事业管理', '',18);

insert into dictionary (DICID,PROTYPEID, ITEMNAME, ITEMVALUE, DESCP,SN)
values (113, 2005, '专业', '旅游管理', '',19);

insert into dictionary (DICID,PROTYPEID, ITEMNAME, ITEMVALUE, DESCP,SN)
values (114, 2005, '专业', '宾馆/酒店管理', '',20);

insert into dictionary (DICID,PROTYPEID, ITEMNAME, ITEMVALUE, DESCP,SN)
values (115, 2005, '专业', '人力资源管理', '',21);

insert into dictionary (DICID,PROTYPEID, ITEMNAME, ITEMVALUE, DESCP,SN)
values (116, 2005, '专业', '公共关系学', '',22);

insert into dictionary (DICID,PROTYPEID, ITEMNAME, ITEMVALUE, DESCP,SN)
values (117, 2005, '专业', '物业管理', '',23);

insert into dictionary (DICID,PROTYPEID, ITEMNAME, ITEMVALUE, DESCP,SN)
values (118, 2005, '专业', '房地产经营管理', '',24);

insert into dictionary (DICID,PROTYPEID, ITEMNAME, ITEMVALUE, DESCP,SN)
values (119, 2005, '专业', '劳动与社会保障', '',25);

insert into dictionary (DICID,PROTYPEID, ITEMNAME, ITEMVALUE, DESCP,SN)
values (120, 2005, '专业', '土地资源管理', '',26);

insert into dictionary (DICID,PROTYPEID, ITEMNAME, ITEMVALUE, DESCP,SN)
values (121, 2005, '专业', '图书档案学', '',27);

insert into dictionary (DICID,PROTYPEID, ITEMNAME, ITEMVALUE, DESCP,SN)
values (122, 2005, '专业', '计算机科学与技术', '',28);

insert into dictionary (DICID,PROTYPEID, ITEMNAME, ITEMVALUE, DESCP,SN)
values (123, 2005, '专业', '计算机应用', '',29);

insert into dictionary (DICID,PROTYPEID, ITEMNAME, ITEMVALUE, DESCP,SN)
values (124, 2005, '专业', '计算机信息管理', '',30);

insert into dictionary (DICID,PROTYPEID, ITEMNAME, ITEMVALUE, DESCP,SN)
values (125, 2005, '专业', '计算机网络', '',31);

insert into dictionary (DICID,PROTYPEID, ITEMNAME, ITEMVALUE, DESCP,SN)
values (126, 2005, '专业', '电子商务', '',32);

insert into dictionary (DICID,PROTYPEID, ITEMNAME, ITEMVALUE, DESCP,SN)
values (127, 2005, '专业', '通信工程', '',33);

insert into dictionary (DICID,PROTYPEID, ITEMNAME, ITEMVALUE, DESCP,SN)
values (128, 2005, '专业', '电气工程及其自动化', '',34);

insert into dictionary (DICID,PROTYPEID, ITEMNAME, ITEMVALUE, DESCP,SN)
values (129, 2005, '专业', '软件工程', '',35);

insert into dictionary (DICID,PROTYPEID, ITEMNAME, ITEMVALUE, DESCP,SN)
values (130, 2005, '专业', '自动化', '',36);

insert into dictionary (DICID,PROTYPEID, ITEMNAME, ITEMVALUE, DESCP,SN)
values (131, 2005, '专业', '电子信息工程', '',37);

insert into dictionary (DICID,PROTYPEID, ITEMNAME, ITEMVALUE, DESCP,SN)
values (132, 2005, '专业', '电子科学与技术', '',38);

insert into dictionary (DICID,PROTYPEID, ITEMNAME, ITEMVALUE, DESCP,SN)
values (133, 2005, '专业', '电子信息科学与技术', '',39);

insert into dictionary (DICID,PROTYPEID, ITEMNAME, ITEMVALUE, DESCP,SN)
values (134, 2005, '专业', '微电子学', '',40);

insert into dictionary (DICID,PROTYPEID, ITEMNAME, ITEMVALUE, DESCP,SN)
values (135, 2005, '专业', '光信息科学与技术', '',41);

insert into dictionary (DICID,PROTYPEID, ITEMNAME, ITEMVALUE, DESCP,SN)
values (136, 2005, '专业', '机械设计制造及其自动化', '',42);

insert into dictionary (DICID,PROTYPEID, ITEMNAME, ITEMVALUE, DESCP,SN)
values (137, 2005, '专业', '材料成型及控制工程', '',43);

insert into dictionary (DICID,PROTYPEID, ITEMNAME, ITEMVALUE, DESCP,SN)
values (138, 2005, '专业', '工业设计', '',44);

insert into dictionary (DICID,PROTYPEID, ITEMNAME, ITEMVALUE, DESCP,SN)
values (139, 2005, '专业', '过程装备与控制工程', '',45);

insert into dictionary (DICID,PROTYPEID, ITEMNAME, ITEMVALUE, DESCP,SN)
values (140, 2005, '专业', '机械电子工程/机电一体化', '',46);

insert into dictionary (DICID,PROTYPEID, ITEMNAME, ITEMVALUE, DESCP,SN)
values (141, 2005, '专业', '模具设计与制造', '',47);

insert into dictionary (DICID,PROTYPEID, ITEMNAME, ITEMVALUE, DESCP,SN)
values (142, 2005, '专业', '机械制造工艺与设备', '',48);

insert into dictionary (DICID,PROTYPEID, ITEMNAME, ITEMVALUE, DESCP,SN)
values (143, 2005, '专业', '测控技术与仪器', '',49);

insert into dictionary (DICID,PROTYPEID, ITEMNAME, ITEMVALUE, DESCP,SN)
values (144, 2005, '专业', '热能与动力工程', '',50);

insert into dictionary (DICID,PROTYPEID, ITEMNAME, ITEMVALUE, DESCP,SN)
values (145, 2005, '专业', '核工程与核技术', '',51);

insert into dictionary (DICID,PROTYPEID, ITEMNAME, ITEMVALUE, DESCP,SN)
values (146, 2005, '专业', '电力系统及自动化', '',52);

insert into dictionary (DICID,PROTYPEID, ITEMNAME, ITEMVALUE, DESCP,SN)
values (147, 2005, '专业', '制冷与低温技术', '',53);

insert into dictionary (DICID,PROTYPEID, ITEMNAME, ITEMVALUE, DESCP,SN)
values (148, 2005, '专业', '冶金工程', '',54);

insert into dictionary (DICID,PROTYPEID, ITEMNAME, ITEMVALUE, DESCP,SN)
values (149, 2005, '专业', '金属材料工程', '',55);

insert into dictionary (DICID,PROTYPEID, ITEMNAME, ITEMVALUE, DESCP,SN)
values (150, 2005, '专业', '无机非金属料工程', '',56);

insert into dictionary (DICID,PROTYPEID, ITEMNAME, ITEMVALUE, DESCP,SN)
values (151, 2005, '专业', '高分子材料与工程', '',57);

insert into dictionary (DICID,PROTYPEID, ITEMNAME, ITEMVALUE, DESCP,SN)
values (152, 2005, '专业', '材料物理', '',58);

insert into dictionary (DICID,PROTYPEID, ITEMNAME, ITEMVALUE, DESCP,SN)
values (153, 2005, '专业', '材料化学', '',59);

insert into dictionary (DICID,PROTYPEID, ITEMNAME, ITEMVALUE, DESCP,SN)
values (154, 2005, '专业', '材料科学与工程', '',60);

insert into dictionary (DICID,PROTYPEID, ITEMNAME, ITEMVALUE, DESCP,SN)
values (155, 2005, '专业', '食品科学与工程', '',61);

insert into dictionary (DICID,PROTYPEID, ITEMNAME, ITEMVALUE, DESCP,SN)
values (156, 2005, '专业', '轻化工程', '',62);

insert into dictionary (DICID,PROTYPEID, ITEMNAME, ITEMVALUE, DESCP,SN)
values (157, 2005, '专业', '包装工程', '',63);

insert into dictionary (DICID,PROTYPEID, ITEMNAME, ITEMVALUE, DESCP,SN)
values (158, 2005, '专业', '印刷工程', '',64);

insert into dictionary (DICID,PROTYPEID, ITEMNAME, ITEMVALUE, DESCP,SN)
values (159, 2005, '专业', '纺织工程', '',65);

insert into dictionary (DICID,PROTYPEID, ITEMNAME, ITEMVALUE, DESCP,SN)
values (160, 2005, '专业', '服装设计与工程', '',66);

insert into dictionary (DICID,PROTYPEID, ITEMNAME, ITEMVALUE, DESCP,SN)
values (161, 2005, '专业', '建筑学', '',67);

insert into dictionary (DICID,PROTYPEID, ITEMNAME, ITEMVALUE, DESCP,SN)
values (162, 2005, '专业', '城市规划', '',68);

insert into dictionary (DICID,PROTYPEID, ITEMNAME, ITEMVALUE, DESCP,SN)
values (163, 2005, '专业', '园林规划与设计', '',69);

insert into dictionary (DICID,PROTYPEID, ITEMNAME, ITEMVALUE, DESCP,SN)
values (164, 2005, '专业', '土木工程', '',70);

insert into dictionary (DICID,PROTYPEID, ITEMNAME, ITEMVALUE, DESCP,SN)
values (165, 2005, '专业', '道路与桥梁', '',71);

insert into dictionary (DICID,PROTYPEID, ITEMNAME, ITEMVALUE, DESCP,SN)
values (166, 2005, '专业', '建设环境与设备工程', '',72);

insert into dictionary (DICID,PROTYPEID, ITEMNAME, ITEMVALUE, DESCP,SN)
values (167, 2005, '专业', '给水排水工程', '',73);

insert into dictionary (DICID,PROTYPEID, ITEMNAME, ITEMVALUE, DESCP,SN)
values (168, 2005, '专业', '供热通风与空调工程', '',74);

insert into dictionary (DICID,PROTYPEID, ITEMNAME, ITEMVALUE, DESCP,SN)
values (169, 2005, '专业', '工业与民用建筑', '',75);

insert into dictionary (DICID,PROTYPEID, ITEMNAME, ITEMVALUE, DESCP,SN)
values (170, 2005, '专业', '室内装潢设计', '',76);

insert into dictionary (DICID,PROTYPEID, ITEMNAME, ITEMVALUE, DESCP,SN)
values (171, 2005, '专业', '建筑工程', '',77);

insert into dictionary (DICID,PROTYPEID, ITEMNAME, ITEMVALUE, DESCP,SN)
values (172, 2005, '专业', '工程造价管理', '',78);

insert into dictionary (DICID,PROTYPEID, ITEMNAME, ITEMVALUE, DESCP,SN)
values (173, 2005, '专业', '力学', '',79);

insert into dictionary (DICID,PROTYPEID, ITEMNAME, ITEMVALUE, DESCP,SN)
values (174, 2005, '专业', '应用力学', '',80);

insert into dictionary (DICID,PROTYPEID, ITEMNAME, ITEMVALUE, DESCP,SN)
values (175, 2005, '专业', '环境科学', '',81);

insert into dictionary (DICID,PROTYPEID, ITEMNAME, ITEMVALUE, DESCP,SN)
values (176, 2005, '专业', '生态学', '',82);

insert into dictionary (DICID,PROTYPEID, ITEMNAME, ITEMVALUE, DESCP,SN)
values (177, 2005, '专业', '环境工程', '',83);

insert into dictionary (DICID,PROTYPEID, ITEMNAME, ITEMVALUE, DESCP,SN)
values (178, 2005, '专业', '安全工程', '',84);

insert into dictionary (DICID,PROTYPEID, ITEMNAME, ITEMVALUE, DESCP,SN)
values (179, 2005, '专业', '制药工程', '',85);

insert into dictionary (DICID,PROTYPEID, ITEMNAME, ITEMVALUE, DESCP,SN)
values (180, 2005, '专业', '交通运输', '',86);

insert into dictionary (DICID,PROTYPEID, ITEMNAME, ITEMVALUE, DESCP,SN)
values (181, 2005, '专业', '交通工程', '',87);

insert into dictionary (DICID,PROTYPEID, ITEMNAME, ITEMVALUE, DESCP,SN)
values (182, 2005, '专业', '油气储运工程', '',88);

insert into dictionary (DICID,PROTYPEID, ITEMNAME, ITEMVALUE, DESCP,SN)
values (183, 2005, '专业', '飞行技术', '',89);

insert into dictionary (DICID,PROTYPEID, ITEMNAME, ITEMVALUE, DESCP,SN)
values (184, 2005, '专业', '航海技术', '',90);

insert into dictionary (DICID,PROTYPEID, ITEMNAME, ITEMVALUE, DESCP,SN)
values (185, 2005, '专业', '轮机工程', '',91);

insert into dictionary (DICID,PROTYPEID, ITEMNAME, ITEMVALUE, DESCP,SN)
values (186, 2005, '专业', '汽车工程', '',92);

insert into dictionary (DICID,PROTYPEID, ITEMNAME, ITEMVALUE, DESCP,SN)
values (187, 2005, '专业', '飞行器设计与工程', '',93);

insert into dictionary (DICID,PROTYPEID, ITEMNAME, ITEMVALUE, DESCP,SN)
values (188, 2005, '专业', '飞行器动力工程', '',94);

insert into dictionary (DICID,PROTYPEID, ITEMNAME, ITEMVALUE, DESCP,SN)
values (189, 2005, '专业', '飞行器制造工程', '',95);

insert into dictionary (DICID,PROTYPEID, ITEMNAME, ITEMVALUE, DESCP,SN)
values (190, 2005, '专业', '飞行器环境与生命保障工程', '',96);

insert into dictionary (DICID,PROTYPEID, ITEMNAME, ITEMVALUE, DESCP,SN)
values (191, 2005, '专业', '船舶与海洋工程', '',97);

insert into dictionary (DICID,PROTYPEID, ITEMNAME, ITEMVALUE, DESCP,SN)
values (192, 2005, '专业', '水利水电工程', '',98);

insert into dictionary (DICID,PROTYPEID, ITEMNAME, ITEMVALUE, DESCP,SN)
values (193, 2005, '专业', '水文与水资源工程', '',99);

insert into dictionary (DICID,PROTYPEID, ITEMNAME, ITEMVALUE, DESCP,SN)
values (194, 2005, '专业', '港口航道与海岸工程', '',100);

insert into dictionary (DICID,PROTYPEID, ITEMNAME, ITEMVALUE, DESCP,SN)
values (195, 2005, '专业', '测绘工程', '',101);

insert into dictionary (DICID,PROTYPEID, ITEMNAME, ITEMVALUE, DESCP,SN)
values (196, 2005, '专业', '公安技术', '',102);

insert into dictionary (DICID,PROTYPEID, ITEMNAME, ITEMVALUE, DESCP,SN)
values (197, 2005, '专业', '武器系统与发射工程', '',103);

insert into dictionary (DICID,PROTYPEID, ITEMNAME, ITEMVALUE, DESCP,SN)
values (198, 2005, '专业', '探测制导与控制技术', '',104);

insert into dictionary (DICID,PROTYPEID, ITEMNAME, ITEMVALUE, DESCP,SN)
values (199, 2005, '专业', '弹药工程与爆炸技术', '',105);

insert into dictionary (DICID,PROTYPEID, ITEMNAME, ITEMVALUE, DESCP,SN)
values (200, 2005, '专业', '数学与应用数学', '',106);

insert into dictionary (DICID,PROTYPEID, ITEMNAME, ITEMVALUE, DESCP,SN)
values (201, 2005, '专业', '信息与计算科学', '',107);

insert into dictionary (DICID,PROTYPEID, ITEMNAME, ITEMVALUE, DESCP,SN)
values (202, 2005, '专业', '物理学', '',108);

insert into dictionary (DICID,PROTYPEID, ITEMNAME, ITEMVALUE, DESCP,SN)
values (203, 2005, '专业', '应用物理学', '',109);

insert into dictionary (DICID,PROTYPEID, ITEMNAME, ITEMVALUE, DESCP,SN)
values (204, 2005, '专业', '化学', '',110);

insert into dictionary (DICID,PROTYPEID, ITEMNAME, ITEMVALUE, DESCP,SN)
values (205, 2005, '专业', '应用化学', '',111);

insert into dictionary (DICID,PROTYPEID, ITEMNAME, ITEMVALUE, DESCP,SN)
values (206, 2005, '专业', '化学工程与工艺', '',112);

insert into dictionary (DICID,PROTYPEID, ITEMNAME, ITEMVALUE, DESCP,SN)
values (207, 2005, '专业', '精细化工', '',113);

insert into dictionary (DICID,PROTYPEID, ITEMNAME, ITEMVALUE, DESCP,SN)
values (208, 2005, '专业', '化工设备与机械', '',114);

insert into dictionary (DICID,PROTYPEID, ITEMNAME, ITEMVALUE, DESCP,SN)
values (209, 2005, '专业', '生物工程', '',115);

insert into dictionary (DICID,PROTYPEID, ITEMNAME, ITEMVALUE, DESCP,SN)
values (210, 2005, '专业', '生物医学工程', '',116);

insert into dictionary (DICID,PROTYPEID, ITEMNAME, ITEMVALUE, DESCP,SN)
values (211, 2005, '专业', '生物科学,技术', '',117);

insert into dictionary (DICID,PROTYPEID, ITEMNAME, ITEMVALUE, DESCP,SN)
values (212, 2005, '专业', '天文学', '',118);

insert into dictionary (DICID,PROTYPEID, ITEMNAME, ITEMVALUE, DESCP,SN)
values (213, 2005, '专业', '地质学', '',119);

insert into dictionary (DICID,PROTYPEID, ITEMNAME, ITEMVALUE, DESCP,SN)
values (214, 2005, '专业', '宝石鉴定与加工', '',120);

insert into dictionary (DICID,PROTYPEID, ITEMNAME, ITEMVALUE, DESCP,SN)
values (215, 2005, '专业', '地理科学', '',121);

insert into dictionary (DICID,PROTYPEID, ITEMNAME, ITEMVALUE, DESCP,SN)
values (216, 2005, '专业', '地球物理学', '',122);

insert into dictionary (DICID,PROTYPEID, ITEMNAME, ITEMVALUE, DESCP,SN)
values (217, 2005, '专业', '大气科学', '',123);

insert into dictionary (DICID,PROTYPEID, ITEMNAME, ITEMVALUE, DESCP,SN)
values (218, 2005, '专业', '海洋科学', '',124);

insert into dictionary (DICID,PROTYPEID, ITEMNAME, ITEMVALUE, DESCP,SN)
values (219, 2005, '专业', '地矿', '',125);

insert into dictionary (DICID,PROTYPEID, ITEMNAME, ITEMVALUE, DESCP,SN)
values (220, 2005, '专业', '石油工程', '',126);

insert into dictionary (DICID,PROTYPEID, ITEMNAME, ITEMVALUE, DESCP,SN)
values (221, 2005, '专业', '经济学', '',127);

insert into dictionary (DICID,PROTYPEID, ITEMNAME, ITEMVALUE, DESCP,SN)
values (222, 2005, '专业', '国际经济与贸易', '',128);

insert into dictionary (DICID,PROTYPEID, ITEMNAME, ITEMVALUE, DESCP,SN)
values (223, 2005, '专业', '财政学', '',129);

insert into dictionary (DICID,PROTYPEID, ITEMNAME, ITEMVALUE, DESCP,SN)
values (224, 2005, '专业', '金融学', '',130);

insert into dictionary (DICID,PROTYPEID, ITEMNAME, ITEMVALUE, DESCP,SN)
values (225, 2005, '专业', '经济管理', '',131);

insert into dictionary (DICID,PROTYPEID, ITEMNAME, ITEMVALUE, DESCP,SN)
values (226, 2005, '专业', '经济信息管理', '',132);

insert into dictionary (DICID,PROTYPEID, ITEMNAME, ITEMVALUE, DESCP,SN)
values (227, 2005, '专业', '工业外贸', '',133);

insert into dictionary (DICID,PROTYPEID, ITEMNAME, ITEMVALUE, DESCP,SN)
values (228, 2005, '专业', '国际金融', '',134);

insert into dictionary (DICID,PROTYPEID, ITEMNAME, ITEMVALUE, DESCP,SN)
values (229, 2005, '专业', '投资经济管理', '',135);

insert into dictionary (DICID,PROTYPEID, ITEMNAME, ITEMVALUE, DESCP,SN)
values (230, 2005, '专业', '统计学', '',136);

insert into dictionary (DICID,PROTYPEID, ITEMNAME, ITEMVALUE, DESCP,SN)
values (231, 2005, '专业', '审计学', '',137);

insert into dictionary (DICID,PROTYPEID, ITEMNAME, ITEMVALUE, DESCP,SN)
values (232, 2005, '专业', '中国语言文学', '',138);

insert into dictionary (DICID,PROTYPEID, ITEMNAME, ITEMVALUE, DESCP,SN)
values (233, 2005, '专业', '英语', '',139);

insert into dictionary (DICID,PROTYPEID, ITEMNAME, ITEMVALUE, DESCP,SN)
values (234, 2005, '专业', '俄语', '',140);

insert into dictionary (DICID,PROTYPEID, ITEMNAME, ITEMVALUE, DESCP,SN)
values (235, 2005, '专业', '德语', '',141);

insert into dictionary (DICID,PROTYPEID, ITEMNAME, ITEMVALUE, DESCP,SN)
values (236, 2005, '专业', '法语', '',142);

insert into dictionary (DICID,PROTYPEID, ITEMNAME, ITEMVALUE, DESCP,SN)
values (237, 2005, '专业', '日语', '',143);

insert into dictionary (DICID,PROTYPEID, ITEMNAME, ITEMVALUE, DESCP,SN)
values (238, 2005, '专业', '西班牙语', '',144);

insert into dictionary (DICID,PROTYPEID, ITEMNAME, ITEMVALUE, DESCP,SN)
values (239, 2005, '专业', '阿拉伯语', '',145);

insert into dictionary (DICID,PROTYPEID, ITEMNAME, ITEMVALUE, DESCP,SN)
values (240, 2005, '专业', '朝鲜语', '',146);

insert into dictionary (DICID,PROTYPEID, ITEMNAME, ITEMVALUE, DESCP,SN)
values (241, 2005, '专业', '其它外语', '',147);

insert into dictionary (DICID,PROTYPEID, ITEMNAME, ITEMVALUE, DESCP,SN)
values (242, 2005, '专业', '新闻学', '',148);

insert into dictionary (DICID,PROTYPEID, ITEMNAME, ITEMVALUE, DESCP,SN)
values (243, 2005, '专业', '广播电视新闻', '',149);

insert into dictionary (DICID,PROTYPEID, ITEMNAME, ITEMVALUE, DESCP,SN)
values (244, 2005, '专业', '广告学', '',150);

insert into dictionary (DICID,PROTYPEID, ITEMNAME, ITEMVALUE, DESCP,SN)
values (245, 2005, '专业', '编辑出版学', '',151);

insert into dictionary (DICID,PROTYPEID, ITEMNAME, ITEMVALUE, DESCP,SN)
values (246, 2005, '专业', '外贸英语', '',152);

insert into dictionary (DICID,PROTYPEID, ITEMNAME, ITEMVALUE, DESCP,SN)
values (247, 2005, '专业', '商务英语', '',153);

insert into dictionary (DICID,PROTYPEID, ITEMNAME, ITEMVALUE, DESCP,SN)
values (248, 2005, '专业', '音乐,舞蹈,作曲', '',154);

insert into dictionary (DICID,PROTYPEID, ITEMNAME, ITEMVALUE, DESCP,SN)
values (249, 2005, '专业', '绘画,艺术设计', '',155);

insert into dictionary (DICID,PROTYPEID, ITEMNAME, ITEMVALUE, DESCP,SN)
values (250, 2005, '专业', '戏剧,表演', '',156);

insert into dictionary (DICID,PROTYPEID, ITEMNAME, ITEMVALUE, DESCP,SN)
values (251, 2005, '专业', '导演,广播电视编导', '',157);

insert into dictionary (DICID,PROTYPEID, ITEMNAME, ITEMVALUE, DESCP,SN)
values (252, 2005, '专业', '戏剧影视文学', '',158);

insert into dictionary (DICID,PROTYPEID, ITEMNAME, ITEMVALUE, DESCP,SN)
values (253, 2005, '专业', '戏剧影视美术设计', '',159);

insert into dictionary (DICID,PROTYPEID, ITEMNAME, ITEMVALUE, DESCP,SN)
values (254, 2005, '专业', '摄影,动画', '',160);

insert into dictionary (DICID,PROTYPEID, ITEMNAME, ITEMVALUE, DESCP,SN)
values (255, 2005, '专业', '播音,主持,录音', '',161);

insert into dictionary (DICID,PROTYPEID, ITEMNAME, ITEMVALUE, DESCP,SN)
values (256, 2005, '专业', '服装设计', '',162);

insert into dictionary (DICID,PROTYPEID, ITEMNAME, ITEMVALUE, DESCP,SN)
values (257, 2005, '专业', '法学', '',163);

insert into dictionary (DICID,PROTYPEID, ITEMNAME, ITEMVALUE, DESCP,SN)
values (258, 2005, '专业', '马克思主义理论', '',164);

insert into dictionary (DICID,PROTYPEID, ITEMNAME, ITEMVALUE, DESCP,SN)
values (259, 2005, '专业', '社会学', '',165);

insert into dictionary (DICID,PROTYPEID, ITEMNAME, ITEMVALUE, DESCP,SN)
values (260, 2005, '专业', '政治学与行政学', '',166);

insert into dictionary (DICID,PROTYPEID, ITEMNAME, ITEMVALUE, DESCP,SN)
values (261, 2005, '专业', '国际政治', '',167);

insert into dictionary (DICID,PROTYPEID, ITEMNAME, ITEMVALUE, DESCP,SN)
values (262, 2005, '专业', '外交学', '',168);

insert into dictionary (DICID,PROTYPEID, ITEMNAME, ITEMVALUE, DESCP,SN)
values (263, 2005, '专业', '思想政治教育', '',169);

insert into dictionary (DICID,PROTYPEID, ITEMNAME, ITEMVALUE, DESCP,SN)
values (264, 2005, '专业', '公安学', '',170);

insert into dictionary (DICID,PROTYPEID, ITEMNAME, ITEMVALUE, DESCP,SN)
values (265, 2005, '专业', '经济法', '',171);

insert into dictionary (DICID,PROTYPEID, ITEMNAME, ITEMVALUE, DESCP,SN)
values (266, 2005, '专业', '国际经济法', '',172);

insert into dictionary (DICID,PROTYPEID, ITEMNAME, ITEMVALUE, DESCP,SN)
values (267, 2005, '专业', '哲学', '',173);

insert into dictionary (DICID,PROTYPEID, ITEMNAME, ITEMVALUE, DESCP,SN)
values (268, 2005, '专业', '逻辑学', '',174);

insert into dictionary (DICID,PROTYPEID, ITEMNAME, ITEMVALUE, DESCP,SN)
values (269, 2005, '专业', '宗教学', '',175);

insert into dictionary (DICID,PROTYPEID, ITEMNAME, ITEMVALUE, DESCP,SN)
values (270, 2005, '专业', '教育学', '',176);

insert into dictionary (DICID,PROTYPEID, ITEMNAME, ITEMVALUE, DESCP,SN)
values (271, 2005, '专业', '学前教育', '',177);

insert into dictionary (DICID,PROTYPEID, ITEMNAME, ITEMVALUE, DESCP,SN)
values (272, 2005, '专业', '体育学', '',178);

insert into dictionary (DICID,PROTYPEID, ITEMNAME, ITEMVALUE, DESCP,SN)
values (273, 2005, '专业', '基础医学', '',179);

insert into dictionary (DICID,PROTYPEID, ITEMNAME, ITEMVALUE, DESCP,SN)
values (274, 2005, '专业', '预防医学', '',180);

insert into dictionary (DICID,PROTYPEID, ITEMNAME, ITEMVALUE, DESCP,SN)
values (275, 2005, '专业', '临床医学与医学技术', '',181);

insert into dictionary (DICID,PROTYPEID, ITEMNAME, ITEMVALUE, DESCP,SN)
values (276, 2005, '专业', '口腔医学', '',182);

insert into dictionary (DICID,PROTYPEID, ITEMNAME, ITEMVALUE, DESCP,SN)
values (277, 2005, '专业', '中医学', '',183);

insert into dictionary (DICID,PROTYPEID, ITEMNAME, ITEMVALUE, DESCP,SN)
values (278, 2005, '专业', '法医学', '',184);

insert into dictionary (DICID,PROTYPEID, ITEMNAME, ITEMVALUE, DESCP,SN)
values (279, 2005, '专业', '护理学', '',185);

insert into dictionary (DICID,PROTYPEID, ITEMNAME, ITEMVALUE, DESCP,SN)
values (280, 2005, '专业', '药学', '',186);

insert into dictionary (DICID,PROTYPEID, ITEMNAME, ITEMVALUE, DESCP,SN)
values (281, 2005, '专业', '心理学', '',187);

insert into dictionary (DICID,PROTYPEID, ITEMNAME, ITEMVALUE, DESCP,SN)
values (282, 2005, '专业', '医学检验', '',188);

insert into dictionary (DICID,PROTYPEID, ITEMNAME, ITEMVALUE, DESCP,SN)
values (283, 2005, '专业', '植物生产', '',199);

insert into dictionary (DICID,PROTYPEID, ITEMNAME, ITEMVALUE, DESCP,SN)
values (284, 2005, '专业', '农学', '',190);

insert into dictionary (DICID,PROTYPEID, ITEMNAME, ITEMVALUE, DESCP,SN)
values (285, 2005, '专业', '园艺', '',191);

insert into dictionary (DICID,PROTYPEID, ITEMNAME, ITEMVALUE, DESCP,SN)
values (286, 2005, '专业', '植物保护学', '',192);

insert into dictionary (DICID,PROTYPEID, ITEMNAME, ITEMVALUE, DESCP,SN)
values (287, 2005, '专业', '茶学', '',193);

insert into dictionary (DICID,PROTYPEID, ITEMNAME, ITEMVALUE, DESCP,SN)
values (288, 2005, '专业', '草业科学', '',194);

insert into dictionary (DICID,PROTYPEID, ITEMNAME, ITEMVALUE, DESCP,SN)
values (289, 2005, '专业', '森林资源', '',195);

insert into dictionary (DICID,PROTYPEID, ITEMNAME, ITEMVALUE, DESCP,SN)
values (290, 2005, '专业', '环境生态', '',196);

insert into dictionary (DICID,PROTYPEID, ITEMNAME, ITEMVALUE, DESCP,SN)
values (291, 2005, '专业', '园林', '',197);

insert into dictionary (DICID,PROTYPEID, ITEMNAME, ITEMVALUE, DESCP,SN)
values (292, 2005, '专业', '动物生产', '',198);

insert into dictionary (DICID,PROTYPEID, ITEMNAME, ITEMVALUE, DESCP,SN)
values (293, 2005, '专业', '动物医学', '',199);

insert into dictionary (DICID,PROTYPEID, ITEMNAME, ITEMVALUE, DESCP,SN)
values (294, 2005, '专业', '水产类', '',200);

insert into dictionary (DICID,PROTYPEID, ITEMNAME, ITEMVALUE, DESCP,SN)
values (295, 2005, '专业', '农业工程', '',201);

insert into dictionary (DICID,PROTYPEID, ITEMNAME, ITEMVALUE, DESCP,SN)
values (296, 2005, '专业', '林业工程', '',202);

insert into dictionary (DICID,PROTYPEID, ITEMNAME, ITEMVALUE, DESCP,SN)
values (297, 2005, '专业', '历史学', '',203);

insert into dictionary (DICID,PROTYPEID, ITEMNAME, ITEMVALUE, DESCP,SN)
values (298, 2005, '专业', '考古学', '',204);

insert into dictionary (DICID,PROTYPEID, ITEMNAME, ITEMVALUE, DESCP,SN)
values (299, 2005, '专业', '博物馆学', '',205);

insert into dictionary (DICID,PROTYPEID, ITEMNAME, ITEMVALUE, DESCP,SN)
values (300, 2007, '全宗开放形式', '绝密', '',1);

insert into dictionary (DICID,PROTYPEID, ITEMNAME, ITEMVALUE, DESCP,SN)
values (301, 2007, '全宗开放形式', '机密', '',2);

insert into dictionary (DICID,PROTYPEID, ITEMNAME, ITEMVALUE, DESCP,SN)
values (302, 2007, '全宗开放形式', '一般', '',3);

insert into dictionary (DICID,PROTYPEID, ITEMNAME, ITEMVALUE, DESCP,SN)
values (303, 2007, '全宗开放形式', '保密', '',4);

insert into dictionary (DICID,PROTYPEID, ITEMNAME, ITEMVALUE, DESCP,SN)
values (304, 2009, '文件密级', '绝密', '',1);

insert into dictionary (DICID,PROTYPEID, ITEMNAME, ITEMVALUE, DESCP,SN)
values (305, 2009, '文件密级', '机密', '',2);

insert into dictionary (DICID,PROTYPEID, ITEMNAME, ITEMVALUE, DESCP,SN)
values (306, 2009, '文件密级', '一般', '',3);

insert into dictionary (DICID,PROTYPEID, ITEMNAME, ITEMVALUE, DESCP,SN)
values (307, 2009, '文件密级', '保密', '',4);

insert into dictionary (DICID,PROTYPEID, ITEMNAME, ITEMVALUE, DESCP,SN)
values (308, 2010, '卷宗保管期限', '1年', '1年',1);

insert into dictionary (DICID,PROTYPEID, ITEMNAME, ITEMVALUE, DESCP,SN)
values (309, 2011, '卷宗开放形式', '一般', '',1);

insert into dictionary (DICID,PROTYPEID, ITEMNAME, ITEMVALUE, DESCP,SN)
values (310, 2013, '借阅方式', '测试借阅', '测试借阅',1);

insert into dictionary (DICID,PROTYPEID, ITEMNAME, ITEMVALUE, DESCP,SN)
values (311, 2014, '借阅目的', '测试目的1', '测试',1);

insert into dictionary (DICID,PROTYPEID, ITEMNAME, ITEMVALUE, DESCP,SN)
values (312, 2014, '借阅目的', '测试目的2', '测试',2);

insert into dictionary (DICID,PROTYPEID, ITEMNAME, ITEMVALUE, DESCP,SN)
values (313, 2016, '模块Key', 'Keys', '',1);
SET IDENTITY_INSERT dictionary OFF;
